prefix	lane_number	seq_id	sample_id	population	data_type
100_S99_L001_R1_001	1	100	100	LB	pe
100_S99_L001_R2_001	1	100	100	LB	pe
100_S99_L002_R1_001	2	100	100	LB	pe
100_S99_L002_R2_001	2	100	100	LB	pe
101_S100_L001_R1_001	1	101	101	LB	pe
101_S100_L001_R2_001	1	101	101	LB	pe
101_S100_L002_R1_001	2	101	101	LB	pe
101_S100_L002_R2_001	2	101	101	LB	pe
102_S101_L001_R1_001	1	102	102	LB	pe
102_S101_L001_R2_001	1	102	102	LB	pe
102_S101_L002_R1_001	2	102	102	LB	pe
102_S101_L002_R2_001	2	102	102	LB	pe
103_S102_L001_R1_001	1	103	103	FL	pe
103_S102_L001_R2_001	1	103	103	FL	pe
103_S102_L002_R1_001	2	103	103	FL	pe
103_S102_L002_R2_001	2	103	103	FL	pe
104_S103_L001_R1_001	1	104	104	FL	pe
104_S103_L001_R2_001	1	104	104	FL	pe
104_S103_L002_R1_001	2	104	104	FL	pe
104_S103_L002_R2_001	2	104	104	FL	pe
105_S104_L001_R1_001	1	105	105	FL	pe
105_S104_L001_R2_001	1	105	105	FL	pe
105_S104_L002_R1_001	2	105	105	FL	pe
105_S104_L002_R2_001	2	105	105	FL	pe
106_S105_L001_R1_001	1	106	106	FL	pe
106_S105_L001_R2_001	1	106	106	FL	pe
106_S105_L002_R1_001	2	106	106	FL	pe
106_S105_L002_R2_001	2	106	106	FL	pe
107_S106_L001_R1_001	1	107	107	FL	pe
107_S106_L001_R2_001	1	107	107	FL	pe
107_S106_L002_R1_001	2	107	107	FL	pe
107_S106_L002_R2_001	2	107	107	FL	pe
108_S107_L001_R1_001	1	108	108	FL	pe
108_S107_L001_R2_001	1	108	108	FL	pe
108_S107_L002_R1_001	2	108	108	FL	pe
108_S107_L002_R2_001	2	108	108	FL	pe
109_S108_L001_R1_001	1	109	109	FL	pe
109_S108_L001_R2_001	1	109	109	FL	pe
109_S108_L002_R1_001	2	109	109	FL	pe
109_S108_L002_R2_001	2	109	109	FL	pe
10_S10_L001_R1_001	1	10	10	GA	pe
10_S10_L001_R2_001	1	10	10	GA	pe
10_S10_L002_R1_001	2	10	10	GA	pe
10_S10_L002_R2_001	2	10	10	GA	pe
110_S109_L001_R1_001	1	110	110	FL	pe
110_S109_L001_R2_001	1	110	110	FL	pe
110_S109_L002_R1_001	2	110	110	FL	pe
110_S109_L002_R2_001	2	110	110	FL	pe
111_S110_L001_R1_001	1	111	111	FL	pe
111_S110_L001_R2_001	1	111	111	FL	pe
111_S110_L002_R1_001	2	111	111	FL	pe
111_S110_L002_R2_001	2	111	111	FL	pe
112_S111_L001_R1_001	1	112	112	FL	pe
112_S111_L001_R2_001	1	112	112	FL	pe
112_S111_L002_R1_001	2	112	112	FL	pe
112_S111_L002_R2_001	2	112	112	FL	pe
113_S112_L001_R1_001	1	113	113	FL	pe
113_S112_L001_R2_001	1	113	113	FL	pe
113_S112_L002_R1_001	2	113	113	FL	pe
113_S112_L002_R2_001	2	113	113	FL	pe
114_S113_L001_R1_001	1	114	114	FL	pe
114_S113_L001_R2_001	1	114	114	FL	pe
114_S113_L002_R1_001	2	114	114	FL	pe
114_S113_L002_R2_001	2	114	114	FL	pe
115_S114_L001_R1_001	1	115	115	FL	pe
115_S114_L001_R2_001	1	115	115	FL	pe
115_S114_L002_R1_001	2	115	115	FL	pe
115_S114_L002_R2_001	2	115	115	FL	pe
116_S115_L001_R1_001	1	116	116	FL	pe
116_S115_L001_R2_001	1	116	116	FL	pe
116_S115_L002_R1_001	2	116	116	FL	pe
116_S115_L002_R2_001	2	116	116	FL	pe
117_S116_L001_R1_001	1	117	117	FL	pe
117_S116_L001_R2_001	1	117	117	FL	pe
117_S116_L002_R1_001	2	117	117	FL	pe
117_S116_L002_R2_001	2	117	117	FL	pe
118_S117_L001_R1_001	1	118	118	FL	pe
118_S117_L001_R2_001	1	118	118	FL	pe
118_S117_L002_R1_001	2	118	118	FL	pe
118_S117_L002_R2_001	2	118	118	FL	pe
119_S118_L001_R1_001	1	119	119	FL	pe
119_S118_L001_R2_001	1	119	119	FL	pe
119_S118_L002_R1_001	2	119	119	FL	pe
119_S118_L002_R2_001	2	119	119	FL	pe
11_S11_L001_R1_001	1	11	11	GA	pe
11_S11_L001_R2_001	1	11	11	GA	pe
11_S11_L002_R1_001	2	11	11	GA	pe
11_S11_L002_R2_001	2	11	11	GA	pe
120_S119_L001_R1_001	1	120	120	FL	pe
120_S119_L001_R2_001	1	120	120	FL	pe
120_S119_L002_R1_001	2	120	120	FL	pe
120_S119_L002_R2_001	2	120	120	FL	pe
121_S120_L001_R1_001	1	121	121	FL	pe
121_S120_L001_R2_001	1	121	121	FL	pe
121_S120_L002_R1_001	2	121	121	FL	pe
121_S120_L002_R2_001	2	121	121	FL	pe
122_S121_L001_R1_001	1	122	122	FL	pe
122_S121_L001_R2_001	1	122	122	FL	pe
122_S121_L002_R1_001	2	122	122	FL	pe
122_S121_L002_R2_001	2	122	122	FL	pe
123_S122_L001_R1_001	1	123	123	FL	pe
123_S122_L001_R2_001	1	123	123	FL	pe
123_S122_L002_R1_001	2	123	123	FL	pe
123_S122_L002_R2_001	2	123	123	FL	pe
124_S123_L001_R1_001	1	124	124	FL	pe
124_S123_L001_R2_001	1	124	124	FL	pe
124_S123_L002_R1_001	2	124	124	FL	pe
124_S123_L002_R2_001	2	124	124	FL	pe
125_S124_L001_R1_001	1	125	125	FL	pe
125_S124_L001_R2_001	1	125	125	FL	pe
125_S124_L002_R1_001	2	125	125	FL	pe
125_S124_L002_R2_001	2	125	125	FL	pe
126_S125_L001_R1_001	1	126	126	FL	pe
126_S125_L001_R2_001	1	126	126	FL	pe
126_S125_L002_R1_001	2	126	126	FL	pe
126_S125_L002_R2_001	2	126	126	FL	pe
127_S126_L001_R1_001	1	127	127	FL	pe
127_S126_L001_R2_001	1	127	127	FL	pe
127_S126_L002_R1_001	2	127	127	FL	pe
127_S126_L002_R2_001	2	127	127	FL	pe
128_S127_L001_R1_001	1	128	128	FL	pe
128_S127_L001_R2_001	1	128	128	FL	pe
128_S127_L002_R1_001	2	128	128	FL	pe
128_S127_L002_R2_001	2	128	128	FL	pe
129_S128_L001_R1_001	1	129	129	FL	pe
129_S128_L001_R2_001	1	129	129	FL	pe
129_S128_L002_R1_001	2	129	129	FL	pe
129_S128_L002_R2_001	2	129	129	FL	pe
12_S12_L001_R1_001	1	12	12	GA	pe
12_S12_L001_R2_001	1	12	12	GA	pe
12_S12_L002_R1_001	2	12	12	GA	pe
12_S12_L002_R2_001	2	12	12	GA	pe
130_S129_L001_R1_001	1	130	130	FL	pe
130_S129_L001_R2_001	1	130	130	FL	pe
130_S129_L002_R1_001	2	130	130	FL	pe
130_S129_L002_R2_001	2	130	130	FL	pe
131_S130_L001_R1_001	1	131	131	FL	pe
131_S130_L001_R2_001	1	131	131	FL	pe
131_S130_L002_R1_001	2	131	131	FL	pe
131_S130_L002_R2_001	2	131	131	FL	pe
132_S131_L001_R1_001	1	132	132	FL	pe
132_S131_L001_R2_001	1	132	132	FL	pe
132_S131_L002_R1_001	2	132	132	FL	pe
132_S131_L002_R2_001	2	132	132	FL	pe
133_S132_L001_R1_001	1	133	133	FL	pe
133_S132_L001_R2_001	1	133	133	FL	pe
133_S132_L002_R1_001	2	133	133	FL	pe
133_S132_L002_R2_001	2	133	133	FL	pe
134_S133_L001_R1_001	1	134	134	FL	pe
134_S133_L001_R2_001	1	134	134	FL	pe
134_S133_L002_R1_001	2	134	134	FL	pe
134_S133_L002_R2_001	2	134	134	FL	pe
135_S134_L001_R1_001	1	135	135	FL	pe
135_S134_L001_R2_001	1	135	135	FL	pe
135_S134_L002_R1_001	2	135	135	FL	pe
135_S134_L002_R2_001	2	135	135	FL	pe
136_S135_L001_R1_001	1	136	136	FL	pe
136_S135_L001_R2_001	1	136	136	FL	pe
136_S135_L002_R1_001	2	136	136	FL	pe
136_S135_L002_R2_001	2	136	136	FL	pe
137_S136_L001_R1_001	1	137	137	FL	pe
137_S136_L001_R2_001	1	137	137	FL	pe
137_S136_L002_R1_001	2	137	137	FL	pe
137_S136_L002_R2_001	2	137	137	FL	pe
138_S137_L001_R1_001	1	138	138	SC	pe
138_S137_L001_R2_001	1	138	138	SC	pe
138_S137_L002_R1_001	2	138	138	SC	pe
138_S137_L002_R2_001	2	138	138	SC	pe
139_S138_L001_R1_001	1	139	139	SC	pe
139_S138_L001_R2_001	1	139	139	SC	pe
139_S138_L002_R1_001	2	139	139	SC	pe
139_S138_L002_R2_001	2	139	139	SC	pe
13_S13_L001_R1_001	1	13	13	GA	pe
13_S13_L001_R2_001	1	13	13	GA	pe
13_S13_L002_R1_001	2	13	13	GA	pe
13_S13_L002_R2_001	2	13	13	GA	pe
140_S139_L001_R1_001	1	140	140	SC	pe
140_S139_L001_R2_001	1	140	140	SC	pe
140_S139_L002_R1_001	2	140	140	SC	pe
140_S139_L002_R2_001	2	140	140	SC	pe
141_S140_L001_R1_001	1	141	141	SC	pe
141_S140_L001_R2_001	1	141	141	SC	pe
141_S140_L002_R1_001	2	141	141	SC	pe
141_S140_L002_R2_001	2	141	141	SC	pe
142_S141_L001_R1_001	1	142	142	SC	pe
142_S141_L001_R2_001	1	142	142	SC	pe
142_S141_L002_R1_001	2	142	142	SC	pe
142_S141_L002_R2_001	2	142	142	SC	pe
143_S142_L001_R1_001	1	143	143	SC	pe
143_S142_L001_R2_001	1	143	143	SC	pe
143_S142_L002_R1_001	2	143	143	SC	pe
143_S142_L002_R2_001	2	143	143	SC	pe
144_S143_L001_R1_001	1	144	144	SC	pe
144_S143_L001_R2_001	1	144	144	SC	pe
144_S143_L002_R1_001	2	144	144	SC	pe
144_S143_L002_R2_001	2	144	144	SC	pe
145_S144_L001_R1_001	1	145	145	SC	pe
145_S144_L001_R2_001	1	145	145	SC	pe
145_S144_L002_R1_001	2	145	145	SC	pe
145_S144_L002_R2_001	2	145	145	SC	pe
146_S145_L001_R1_001	1	146	146	SC	pe
146_S145_L001_R2_001	1	146	146	SC	pe
146_S145_L002_R1_001	2	146	146	SC	pe
146_S145_L002_R2_001	2	146	146	SC	pe
147_S146_L001_R1_001	1	147	147	SC	pe
147_S146_L001_R2_001	1	147	147	SC	pe
147_S146_L002_R1_001	2	147	147	SC	pe
147_S146_L002_R2_001	2	147	147	SC	pe
148_S147_L001_R1_001	1	148	148	SC	pe
148_S147_L001_R2_001	1	148	148	SC	pe
148_S147_L002_R1_001	2	148	148	SC	pe
148_S147_L002_R2_001	2	148	148	SC	pe
149_S148_L001_R1_001	1	149	149	SC	pe
149_S148_L001_R2_001	1	149	149	SC	pe
149_S148_L002_R1_001	2	149	149	SC	pe
149_S148_L002_R2_001	2	149	149	SC	pe
14_S14_L001_R1_001	1	14	14	GA	pe
14_S14_L001_R2_001	1	14	14	GA	pe
14_S14_L002_R1_001	2	14	14	GA	pe
14_S14_L002_R2_001	2	14	14	GA	pe
150_S149_L001_R1_001	1	150	150	SC	pe
150_S149_L001_R2_001	1	150	150	SC	pe
150_S149_L002_R1_001	2	150	150	SC	pe
150_S149_L002_R2_001	2	150	150	SC	pe
151_S150_L001_R1_001	1	151	151	SC	pe
151_S150_L001_R2_001	1	151	151	SC	pe
151_S150_L002_R1_001	2	151	151	SC	pe
151_S150_L002_R2_001	2	151	151	SC	pe
152_S151_L001_R1_001	1	152	152	SC	pe
152_S151_L001_R2_001	1	152	152	SC	pe
152_S151_L002_R1_001	2	152	152	SC	pe
152_S151_L002_R2_001	2	152	152	SC	pe
153_S152_L001_R1_001	1	153	153	SC	pe
153_S152_L001_R2_001	1	153	153	SC	pe
153_S152_L002_R1_001	2	153	153	SC	pe
153_S152_L002_R2_001	2	153	153	SC	pe
154_S153_L001_R1_001	1	154	154	SC	pe
154_S153_L001_R2_001	1	154	154	SC	pe
154_S153_L002_R1_001	2	154	154	SC	pe
154_S153_L002_R2_001	2	154	154	SC	pe
155_S154_L001_R1_001	1	155	155	SC	pe
155_S154_L001_R2_001	1	155	155	SC	pe
155_S154_L002_R1_001	2	155	155	SC	pe
155_S154_L002_R2_001	2	155	155	SC	pe
156_S155_L001_R1_001	1	156	156	SC	pe
156_S155_L001_R2_001	1	156	156	SC	pe
156_S155_L002_R1_001	2	156	156	SC	pe
156_S155_L002_R2_001	2	156	156	SC	pe
157_S156_L001_R1_001	1	157	157	SC	pe
157_S156_L001_R2_001	1	157	157	SC	pe
157_S156_L002_R1_001	2	157	157	SC	pe
157_S156_L002_R2_001	2	157	157	SC	pe
158_S157_L001_R1_001	1	158	158	SC	pe
158_S157_L001_R2_001	1	158	158	SC	pe
158_S157_L002_R1_001	2	158	158	SC	pe
158_S157_L002_R2_001	2	158	158	SC	pe
159_S158_L001_R1_001	1	159	159	SC	pe
159_S158_L001_R2_001	1	159	159	SC	pe
159_S158_L002_R1_001	2	159	159	SC	pe
159_S158_L002_R2_001	2	159	159	SC	pe
15_S15_L001_R1_001	1	15	15	GA	pe
15_S15_L001_R2_001	1	15	15	GA	pe
15_S15_L002_R1_001	2	15	15	GA	pe
15_S15_L002_R2_001	2	15	15	GA	pe
160_S159_L001_R1_001	1	160	160	SC	pe
160_S159_L001_R2_001	1	160	160	SC	pe
160_S159_L002_R1_001	2	160	160	SC	pe
160_S159_L002_R2_001	2	160	160	SC	pe
161_S160_L001_R1_001	1	161	161	SC	pe
161_S160_L001_R2_001	1	161	161	SC	pe
161_S160_L002_R1_001	2	161	161	SC	pe
161_S160_L002_R2_001	2	161	161	SC	pe
162_S161_L001_R1_001	1	162	162	SC	pe
162_S161_L001_R2_001	1	162	162	SC	pe
162_S161_L002_R1_001	2	162	162	SC	pe
162_S161_L002_R2_001	2	162	162	SC	pe
163_S162_L001_R1_001	1	163	163	SC	pe
163_S162_L001_R2_001	1	163	163	SC	pe
163_S162_L002_R1_001	2	163	163	SC	pe
163_S162_L002_R2_001	2	163	163	SC	pe
164_S163_L001_R1_001	1	164	164	SC	pe
164_S163_L001_R2_001	1	164	164	SC	pe
164_S163_L002_R1_001	2	164	164	SC	pe
164_S163_L002_R2_001	2	164	164	SC	pe
165_S164_L001_R1_001	1	165	165	SC	pe
165_S164_L001_R2_001	1	165	165	SC	pe
165_S164_L002_R1_001	2	165	165	SC	pe
165_S164_L002_R2_001	2	165	165	SC	pe
166_S165_L001_R1_001	1	166	166	SC	pe
166_S165_L001_R2_001	1	166	166	SC	pe
166_S165_L002_R1_001	2	166	166	SC	pe
166_S165_L002_R2_001	2	166	166	SC	pe
167_S166_L001_R1_001	1	167	167	SC	pe
167_S166_L001_R2_001	1	167	167	SC	pe
167_S166_L002_R1_001	2	167	167	SC	pe
167_S166_L002_R2_001	2	167	167	SC	pe
168_S167_L001_R1_001	1	168	168	SC	pe
168_S167_L001_R2_001	1	168	168	SC	pe
168_S167_L002_R1_001	2	168	168	SC	pe
168_S167_L002_R2_001	2	168	168	SC	pe
169_S168_L001_R1_001	1	169	169	SC	pe
169_S168_L001_R2_001	1	169	169	SC	pe
169_S168_L002_R1_001	2	169	169	SC	pe
169_S168_L002_R2_001	2	169	169	SC	pe
16_S16_L001_R1_001	1	16	16	GA	pe
16_S16_L001_R2_001	1	16	16	GA	pe
16_S16_L002_R1_001	2	16	16	GA	pe
16_S16_L002_R2_001	2	16	16	GA	pe
170_S169_L001_R1_001	1	170	170	SC	pe
170_S169_L001_R2_001	1	170	170	SC	pe
170_S169_L002_R1_001	2	170	170	SC	pe
170_S169_L002_R2_001	2	170	170	SC	pe
171_S170_L001_R1_001	1	171	171	SC	pe
171_S170_L001_R2_001	1	171	171	SC	pe
171_S170_L002_R1_001	2	171	171	SC	pe
171_S170_L002_R2_001	2	171	171	SC	pe
172_S171_L001_R1_001	1	172	172	SC	pe
172_S171_L001_R2_001	1	172	172	SC	pe
172_S171_L002_R1_001	2	172	172	SC	pe
172_S171_L002_R2_001	2	172	172	SC	pe
173_S172_L001_R1_001	1	173	173	NJ	pe
173_S172_L001_R2_001	1	173	173	NJ	pe
173_S172_L002_R1_001	2	173	173	NJ	pe
173_S172_L002_R2_001	2	173	173	NJ	pe
174_S173_L001_R1_001	1	174	174	VA	pe
174_S173_L001_R2_001	1	174	174	VA	pe
174_S173_L002_R1_001	2	174	174	VA	pe
174_S173_L002_R2_001	2	174	174	VA	pe
175_S174_L001_R1_001	1	175	175	VA	pe
175_S174_L001_R2_001	1	175	175	VA	pe
175_S174_L002_R1_001	2	175	175	VA	pe
175_S174_L002_R2_001	2	175	175	VA	pe
176_S175_L001_R1_001	1	176	176	VA	pe
176_S175_L001_R2_001	1	176	176	VA	pe
176_S175_L002_R1_001	2	176	176	VA	pe
176_S175_L002_R2_001	2	176	176	VA	pe
177_S176_L001_R1_001	1	177	177	VA	pe
177_S176_L001_R2_001	1	177	177	VA	pe
177_S176_L002_R1_001	2	177	177	VA	pe
177_S176_L002_R2_001	2	177	177	VA	pe
178_S177_L001_R1_001	1	178	178	VA	pe
178_S177_L001_R2_001	1	178	178	VA	pe
178_S177_L002_R1_001	2	178	178	VA	pe
178_S177_L002_R2_001	2	178	178	VA	pe
179_S178_L001_R1_001	1	179	179	VA	pe
179_S178_L001_R2_001	1	179	179	VA	pe
179_S178_L002_R1_001	2	179	179	VA	pe
179_S178_L002_R2_001	2	179	179	VA	pe
17_S17_L001_R1_001	1	17	17	GA	pe
17_S17_L001_R2_001	1	17	17	GA	pe
17_S17_L002_R1_001	2	17	17	GA	pe
17_S17_L002_R2_001	2	17	17	GA	pe
180_S179_L001_R1_001	1	180	180	VA	pe
180_S179_L001_R2_001	1	180	180	VA	pe
180_S179_L002_R1_001	2	180	180	VA	pe
180_S179_L002_R2_001	2	180	180	VA	pe
181_S180_L001_R1_001	1	181	181	VA	pe
181_S180_L001_R2_001	1	181	181	VA	pe
181_S180_L002_R1_001	2	181	181	VA	pe
181_S180_L002_R2_001	2	181	181	VA	pe
182_S181_L001_R1_001	1	182	182	VA	pe
182_S181_L001_R2_001	1	182	182	VA	pe
182_S181_L002_R1_001	2	182	182	VA	pe
182_S181_L002_R2_001	2	182	182	VA	pe
183_S182_L001_R1_001	1	183	183	VA	pe
183_S182_L001_R2_001	1	183	183	VA	pe
183_S182_L002_R1_001	2	183	183	VA	pe
183_S182_L002_R2_001	2	183	183	VA	pe
184_S183_L001_R1_001	1	184	184	VA	pe
184_S183_L001_R2_001	1	184	184	VA	pe
184_S183_L002_R1_001	2	184	184	VA	pe
184_S183_L002_R2_001	2	184	184	VA	pe
185_S184_L001_R1_001	1	185	185	NJ	pe
185_S184_L001_R2_001	1	185	185	NJ	pe
185_S184_L002_R1_001	2	185	185	NJ	pe
185_S184_L002_R2_001	2	185	185	NJ	pe
186_S185_L001_R1_001	1	186	186	NJ	pe
186_S185_L001_R2_001	1	186	186	NJ	pe
186_S185_L002_R1_001	2	186	186	NJ	pe
186_S185_L002_R2_001	2	186	186	NJ	pe
187_S186_L001_R1_001	1	187	187	NJ	pe
187_S186_L001_R2_001	1	187	187	NJ	pe
187_S186_L002_R1_001	2	187	187	NJ	pe
187_S186_L002_R2_001	2	187	187	NJ	pe
188_S187_L001_R1_001	1	188	188	NJ	pe
188_S187_L001_R2_001	1	188	188	NJ	pe
188_S187_L002_R1_001	2	188	188	NJ	pe
188_S187_L002_R2_001	2	188	188	NJ	pe
189_S188_L001_R1_001	1	189	189	MD	pe
189_S188_L001_R2_001	1	189	189	MD	pe
189_S188_L002_R1_001	2	189	189	MD	pe
189_S188_L002_R2_001	2	189	189	MD	pe
18_S18_L001_R1_001	1	18	18	GA	pe
18_S18_L001_R2_001	1	18	18	GA	pe
18_S18_L002_R1_001	2	18	18	GA	pe
18_S18_L002_R2_001	2	18	18	GA	pe
190_S189_L001_R1_001	1	190	190	MD	pe
190_S189_L001_R2_001	1	190	190	MD	pe
190_S189_L002_R1_001	2	190	190	MD	pe
190_S189_L002_R2_001	2	190	190	MD	pe
191_S190_L001_R1_001	1	191	191	MD	pe
191_S190_L001_R2_001	1	191	191	MD	pe
191_S190_L002_R1_001	2	191	191	MD	pe
191_S190_L002_R2_001	2	191	191	MD	pe
192_S398_L001_R1_001	1	192	192	MD	pe
192_S398_L001_R2_001	1	192	192	MD	pe
192_S398_L002_R1_001	2	192	192	MD	pe
192_S398_L002_R2_001	2	192	192	MD	pe
193_S191_L001_R1_001	1	193	193	MD	pe
193_S191_L001_R2_001	1	193	193	MD	pe
193_S191_L002_R1_001	2	193	193	MD	pe
193_S191_L002_R2_001	2	193	193	MD	pe
194_S192_L001_R1_001	1	194	194	MD	pe
194_S192_L001_R2_001	1	194	194	MD	pe
194_S192_L002_R1_001	2	194	194	MD	pe
194_S192_L002_R2_001	2	194	194	MD	pe
195_S193_L001_R1_001	1	195	195	MD	pe
195_S193_L001_R2_001	1	195	195	MD	pe
195_S193_L002_R1_001	2	195	195	MD	pe
195_S193_L002_R2_001	2	195	195	MD	pe
196_S194_L001_R1_001	1	196	196	MD	pe
196_S194_L001_R2_001	1	196	196	MD	pe
196_S194_L002_R1_001	2	196	196	MD	pe
196_S194_L002_R2_001	2	196	196	MD	pe
197_S195_L001_R1_001	1	197	197	MD	pe
197_S195_L001_R2_001	1	197	197	MD	pe
197_S195_L002_R1_001	2	197	197	MD	pe
197_S195_L002_R2_001	2	197	197	MD	pe
198_S196_L001_R1_001	1	198	198	MD	pe
198_S196_L001_R2_001	1	198	198	MD	pe
198_S196_L002_R1_001	2	198	198	MD	pe
198_S196_L002_R2_001	2	198	198	MD	pe
199_S197_L001_R1_001	1	199	199	MD	pe
199_S197_L001_R2_001	1	199	199	MD	pe
199_S197_L002_R1_001	2	199	199	MD	pe
199_S197_L002_R2_001	2	199	199	MD	pe
19_S19_L001_R1_001	1	19	19	GA	pe
19_S19_L001_R2_001	1	19	19	GA	pe
19_S19_L002_R1_001	2	19	19	GA	pe
19_S19_L002_R2_001	2	19	19	GA	pe
1_S1_L001_R1_001	1	1	1	GA	pe
1_S1_L001_R2_001	1	1	1	GA	pe
1_S1_L002_R1_001	2	1	1	GA	pe
1_S1_L002_R2_001	2	1	1	GA	pe
200_S198_L001_R1_001	1	200	200	MD	pe
200_S198_L001_R2_001	1	200	200	MD	pe
200_S198_L002_R1_001	2	200	200	MD	pe
200_S198_L002_R2_001	2	200	200	MD	pe
201_S199_L001_R1_001	1	201	201	MD	pe
201_S199_L001_R2_001	1	201	201	MD	pe
201_S199_L002_R1_001	2	201	201	MD	pe
201_S199_L002_R2_001	2	201	201	MD	pe
202_S200_L001_R1_001	1	202	202	MD	pe
202_S200_L001_R2_001	1	202	202	MD	pe
202_S200_L002_R1_001	2	202	202	MD	pe
202_S200_L002_R2_001	2	202	202	MD	pe
203_S201_L001_R1_001	1	203	203	MD	pe
203_S201_L001_R2_001	1	203	203	MD	pe
203_S201_L002_R1_001	2	203	203	MD	pe
203_S201_L002_R2_001	2	203	203	MD	pe
204_S202_L001_R1_001	1	204	204	MD	pe
204_S202_L001_R2_001	1	204	204	MD	pe
204_S202_L002_R1_001	2	204	204	MD	pe
204_S202_L002_R2_001	2	204	204	MD	pe
205_S203_L001_R1_001	1	205	205	MD	pe
205_S203_L001_R2_001	1	205	205	MD	pe
205_S203_L002_R1_001	2	205	205	MD	pe
205_S203_L002_R2_001	2	205	205	MD	pe
206_S204_L001_R1_001	1	206	206	MD	pe
206_S204_L001_R2_001	1	206	206	MD	pe
206_S204_L002_R1_001	2	206	206	MD	pe
206_S204_L002_R2_001	2	206	206	MD	pe
207_S205_L001_R1_001	1	207	207	MD	pe
207_S205_L001_R2_001	1	207	207	MD	pe
207_S205_L002_R1_001	2	207	207	MD	pe
207_S205_L002_R2_001	2	207	207	MD	pe
208_S206_L001_R1_001	1	208	208	MD	pe
208_S206_L001_R2_001	1	208	208	MD	pe
208_S206_L002_R1_001	2	208	208	MD	pe
208_S206_L002_R2_001	2	208	208	MD	pe
209_S207_L001_R1_001	1	209	209	MD	pe
209_S207_L001_R2_001	1	209	209	MD	pe
209_S207_L002_R1_001	2	209	209	MD	pe
209_S207_L002_R2_001	2	209	209	MD	pe
20_S20_L001_R1_001	1	20	20	GA	pe
20_S20_L001_R2_001	1	20	20	GA	pe
20_S20_L002_R1_001	2	20	20	GA	pe
20_S20_L002_R2_001	2	20	20	GA	pe
210_S208_L001_R1_001	1	210	210	MD	pe
210_S208_L001_R2_001	1	210	210	MD	pe
210_S208_L002_R1_001	2	210	210	MD	pe
210_S208_L002_R2_001	2	210	210	MD	pe
211_S209_L001_R1_001	1	211	211	MD	pe
211_S209_L001_R2_001	1	211	211	MD	pe
211_S209_L002_R1_001	2	211	211	MD	pe
211_S209_L002_R2_001	2	211	211	MD	pe
212_S210_L001_R1_001	1	212	212	NC	pe
212_S210_L001_R2_001	1	212	212	NC	pe
212_S210_L002_R1_001	2	212	212	NC	pe
212_S210_L002_R2_001	2	212	212	NC	pe
213_S211_L001_R1_001	1	213	213	NC	pe
213_S211_L001_R2_001	1	213	213	NC	pe
213_S211_L002_R1_001	2	213	213	NC	pe
213_S211_L002_R2_001	2	213	213	NC	pe
214_S212_L001_R1_001	1	214	214	NC	pe
214_S212_L001_R2_001	1	214	214	NC	pe
214_S212_L002_R1_001	2	214	214	NC	pe
214_S212_L002_R2_001	2	214	214	NC	pe
215_S213_L001_R1_001	1	215	215	NC	pe
215_S213_L001_R2_001	1	215	215	NC	pe
215_S213_L002_R1_001	2	215	215	NC	pe
215_S213_L002_R2_001	2	215	215	NC	pe
216_S214_L001_R1_001	1	216	216	NC	pe
216_S214_L001_R2_001	1	216	216	NC	pe
216_S214_L002_R1_001	2	216	216	NC	pe
216_S214_L002_R2_001	2	216	216	NC	pe
217_S215_L001_R1_001	1	217	217	NC	pe
217_S215_L001_R2_001	1	217	217	NC	pe
217_S215_L002_R1_001	2	217	217	NC	pe
217_S215_L002_R2_001	2	217	217	NC	pe
218_S216_L001_R1_001	1	218	218	MD	pe
218_S216_L001_R2_001	1	218	218	MD	pe
218_S216_L002_R1_001	2	218	218	MD	pe
218_S216_L002_R2_001	2	218	218	MD	pe
219_S217_L001_R1_001	1	219	219	DE	pe
219_S217_L001_R2_001	1	219	219	DE	pe
219_S217_L002_R1_001	2	219	219	DE	pe
219_S217_L002_R2_001	2	219	219	DE	pe
21_S21_L001_R1_001	1	21	21	GA	pe
21_S21_L001_R2_001	1	21	21	GA	pe
21_S21_L002_R1_001	2	21	21	GA	pe
21_S21_L002_R2_001	2	21	21	GA	pe
220_S218_L001_R1_001	1	220	220	DE	pe
220_S218_L001_R2_001	1	220	220	DE	pe
220_S218_L002_R1_001	2	220	220	DE	pe
220_S218_L002_R2_001	2	220	220	DE	pe
221_S219_L001_R1_001	1	221	221	DE	pe
221_S219_L001_R2_001	1	221	221	DE	pe
221_S219_L002_R1_001	2	221	221	DE	pe
221_S219_L002_R2_001	2	221	221	DE	pe
222_S220_L001_R1_001	1	222	222	DE	pe
222_S220_L001_R2_001	1	222	222	DE	pe
222_S220_L002_R1_001	2	222	222	DE	pe
222_S220_L002_R2_001	2	222	222	DE	pe
223_S221_L001_R1_001	1	223	223	DE	pe
223_S221_L001_R2_001	1	223	223	DE	pe
223_S221_L002_R1_001	2	223	223	DE	pe
223_S221_L002_R2_001	2	223	223	DE	pe
224_S222_L001_R1_001	1	224	224	DE	pe
224_S222_L001_R2_001	1	224	224	DE	pe
224_S222_L002_R1_001	2	224	224	DE	pe
224_S222_L002_R2_001	2	224	224	DE	pe
225_S223_L001_R1_001	1	225	225	DE	pe
225_S223_L001_R2_001	1	225	225	DE	pe
225_S223_L002_R1_001	2	225	225	DE	pe
225_S223_L002_R2_001	2	225	225	DE	pe
226_S224_L001_R1_001	1	226	226	DE	pe
226_S224_L001_R2_001	1	226	226	DE	pe
226_S224_L002_R1_001	2	226	226	DE	pe
226_S224_L002_R2_001	2	226	226	DE	pe
227_S225_L001_R1_001	1	227	227	DE	pe
227_S225_L001_R2_001	1	227	227	DE	pe
227_S225_L002_R1_001	2	227	227	DE	pe
227_S225_L002_R2_001	2	227	227	DE	pe
228_S226_L001_R1_001	1	228	228	DE	pe
228_S226_L001_R2_001	1	228	228	DE	pe
228_S226_L002_R1_001	2	228	228	DE	pe
228_S226_L002_R2_001	2	228	228	DE	pe
229_S227_L001_R1_001	1	229	229	DE	pe
229_S227_L001_R2_001	1	229	229	DE	pe
229_S227_L002_R1_001	2	229	229	DE	pe
229_S227_L002_R2_001	2	229	229	DE	pe
22_S22_L001_R1_001	1	22	22	GA	pe
22_S22_L001_R2_001	1	22	22	GA	pe
22_S22_L002_R1_001	2	22	22	GA	pe
22_S22_L002_R2_001	2	22	22	GA	pe
230_S228_L001_R1_001	1	230	230	DE	pe
230_S228_L001_R2_001	1	230	230	DE	pe
230_S228_L002_R1_001	2	230	230	DE	pe
230_S228_L002_R2_001	2	230	230	DE	pe
231_S229_L001_R1_001	1	231	231	DE	pe
231_S229_L001_R2_001	1	231	231	DE	pe
231_S229_L002_R1_001	2	231	231	DE	pe
231_S229_L002_R2_001	2	231	231	DE	pe
232_S230_L001_R1_001	1	232	232	DE	pe
232_S230_L001_R2_001	1	232	232	DE	pe
232_S230_L002_R1_001	2	232	232	DE	pe
232_S230_L002_R2_001	2	232	232	DE	pe
233_S231_L001_R1_001	1	233	233	DE	pe
233_S231_L001_R2_001	1	233	233	DE	pe
233_S231_L002_R1_001	2	233	233	DE	pe
233_S231_L002_R2_001	2	233	233	DE	pe
234_S232_L001_R1_001	1	234	234	DE	pe
234_S232_L001_R2_001	1	234	234	DE	pe
234_S232_L002_R1_001	2	234	234	DE	pe
234_S232_L002_R2_001	2	234	234	DE	pe
235_S233_L001_R1_001	1	235	235	DE	pe
235_S233_L001_R2_001	1	235	235	DE	pe
235_S233_L002_R1_001	2	235	235	DE	pe
235_S233_L002_R2_001	2	235	235	DE	pe
236_S234_L001_R1_001	1	236	236	DE	pe
236_S234_L001_R2_001	1	236	236	DE	pe
236_S234_L002_R1_001	2	236	236	DE	pe
236_S234_L002_R2_001	2	236	236	DE	pe
237_S235_L001_R1_001	1	237	237	DE	pe
237_S235_L001_R2_001	1	237	237	DE	pe
237_S235_L002_R1_001	2	237	237	DE	pe
237_S235_L002_R2_001	2	237	237	DE	pe
238_S236_L001_R1_001	1	238	238	DE	pe
238_S236_L001_R2_001	1	238	238	DE	pe
238_S236_L002_R1_001	2	238	238	DE	pe
238_S236_L002_R2_001	2	238	238	DE	pe
239_S237_L001_R1_001	1	239	239	DE	pe
239_S237_L001_R2_001	1	239	239	DE	pe
239_S237_L002_R1_001	2	239	239	DE	pe
239_S237_L002_R2_001	2	239	239	DE	pe
23_S23_L001_R1_001	1	23	23	GA	pe
23_S23_L001_R2_001	1	23	23	GA	pe
23_S23_L002_R1_001	2	23	23	GA	pe
23_S23_L002_R2_001	2	23	23	GA	pe
240_S238_L001_R1_001	1	240	240	DE	pe
240_S238_L001_R2_001	1	240	240	DE	pe
240_S238_L002_R1_001	2	240	240	DE	pe
240_S238_L002_R2_001	2	240	240	DE	pe
241_S239_L001_R1_001	1	241	241	DE	pe
241_S239_L001_R2_001	1	241	241	DE	pe
241_S239_L002_R1_001	2	241	241	DE	pe
241_S239_L002_R2_001	2	241	241	DE	pe
242_S240_L001_R1_001	1	242	242	MD	pe
242_S240_L001_R2_001	1	242	242	MD	pe
242_S240_L002_R1_001	2	242	242	MD	pe
242_S240_L002_R2_001	2	242	242	MD	pe
243_S241_L001_R1_001	1	243	243	MD	pe
243_S241_L001_R2_001	1	243	243	MD	pe
243_S241_L002_R1_001	2	243	243	MD	pe
243_S241_L002_R2_001	2	243	243	MD	pe
244_S242_L001_R1_001	1	244	244	MD	pe
244_S242_L001_R2_001	1	244	244	MD	pe
244_S242_L002_R1_001	2	244	244	MD	pe
244_S242_L002_R2_001	2	244	244	MD	pe
245_S243_L001_R1_001	1	245	245	MD	pe
245_S243_L001_R2_001	1	245	245	MD	pe
245_S243_L002_R1_001	2	245	245	MD	pe
245_S243_L002_R2_001	2	245	245	MD	pe
246_S244_L001_R1_001	1	246	246	MD	pe
246_S244_L001_R2_001	1	246	246	MD	pe
246_S244_L002_R1_001	2	246	246	MD	pe
246_S244_L002_R2_001	2	246	246	MD	pe
247_S245_L001_R1_001	1	247	247	MD	pe
247_S245_L001_R2_001	1	247	247	MD	pe
247_S245_L002_R1_001	2	247	247	MD	pe
247_S245_L002_R2_001	2	247	247	MD	pe
248_S246_L001_R1_001	1	248	248	MD	pe
248_S246_L001_R2_001	1	248	248	MD	pe
248_S246_L002_R1_001	2	248	248	MD	pe
248_S246_L002_R2_001	2	248	248	MD	pe
249_S247_L001_R1_001	1	249	249	MD	pe
249_S247_L001_R2_001	1	249	249	MD	pe
249_S247_L002_R1_001	2	249	249	MD	pe
249_S247_L002_R2_001	2	249	249	MD	pe
24_S24_L001_R1_001	1	24	24	GA	pe
24_S24_L001_R2_001	1	24	24	GA	pe
24_S24_L002_R1_001	2	24	24	GA	pe
24_S24_L002_R2_001	2	24	24	GA	pe
250_S248_L001_R1_001	1	250	250	MD	pe
250_S248_L001_R2_001	1	250	250	MD	pe
250_S248_L002_R1_001	2	250	250	MD	pe
250_S248_L002_R2_001	2	250	250	MD	pe
251_S249_L001_R1_001	1	251	251	MD	pe
251_S249_L001_R2_001	1	251	251	MD	pe
251_S249_L002_R1_001	2	251	251	MD	pe
251_S249_L002_R2_001	2	251	251	MD	pe
252_S250_L001_R1_001	1	252	252	MD	pe
252_S250_L001_R2_001	1	252	252	MD	pe
252_S250_L002_R1_001	2	252	252	MD	pe
252_S250_L002_R2_001	2	252	252	MD	pe
253_S251_L001_R1_001	1	253	253	MD	pe
253_S251_L001_R2_001	1	253	253	MD	pe
253_S251_L002_R1_001	2	253	253	MD	pe
253_S251_L002_R2_001	2	253	253	MD	pe
254_S252_L001_R1_001	1	254	254	MD	pe
254_S252_L001_R2_001	1	254	254	MD	pe
254_S252_L002_R1_001	2	254	254	MD	pe
254_S252_L002_R2_001	2	254	254	MD	pe
255_S253_L001_R1_001	1	255	255	MD	pe
255_S253_L001_R2_001	1	255	255	MD	pe
255_S253_L002_R1_001	2	255	255	MD	pe
255_S253_L002_R2_001	2	255	255	MD	pe
256_S254_L001_R1_001	1	256	256	MD	pe
256_S254_L001_R2_001	1	256	256	MD	pe
256_S254_L002_R1_001	2	256	256	MD	pe
256_S254_L002_R2_001	2	256	256	MD	pe
257_S255_L001_R1_001	1	257	257	MD	pe
257_S255_L001_R2_001	1	257	257	MD	pe
257_S255_L002_R1_001	2	257	257	MD	pe
257_S255_L002_R2_001	2	257	257	MD	pe
258_S256_L001_R1_001	1	258	258	MD	pe
258_S256_L001_R2_001	1	258	258	MD	pe
258_S256_L002_R1_001	2	258	258	MD	pe
258_S256_L002_R2_001	2	258	258	MD	pe
259_S257_L001_R1_001	1	259	259	MD	pe
259_S257_L001_R2_001	1	259	259	MD	pe
259_S257_L002_R1_001	2	259	259	MD	pe
259_S257_L002_R2_001	2	259	259	MD	pe
25_S25_L001_R1_001	1	25	25	GA	pe
25_S25_L001_R2_001	1	25	25	GA	pe
25_S25_L002_R1_001	2	25	25	GA	pe
25_S25_L002_R2_001	2	25	25	GA	pe
260_S258_L001_R1_001	1	260	260	MD	pe
260_S258_L001_R2_001	1	260	260	MD	pe
260_S258_L002_R1_001	2	260	260	MD	pe
260_S258_L002_R2_001	2	260	260	MD	pe
261_S259_L001_R1_001	1	261	261	MD	pe
261_S259_L001_R2_001	1	261	261	MD	pe
261_S259_L002_R1_001	2	261	261	MD	pe
261_S259_L002_R2_001	2	261	261	MD	pe
262_S260_L001_R1_001	1	262	262	MD	pe
262_S260_L001_R2_001	1	262	262	MD	pe
262_S260_L002_R1_001	2	262	262	MD	pe
262_S260_L002_R2_001	2	262	262	MD	pe
263_S261_L001_R1_001	1	263	263	MD	pe
263_S261_L001_R2_001	1	263	263	MD	pe
263_S261_L002_R1_001	2	263	263	MD	pe
263_S261_L002_R2_001	2	263	263	MD	pe
264_S262_L001_R1_001	1	264	264	MD	pe
264_S262_L001_R2_001	1	264	264	MD	pe
264_S262_L002_R1_001	2	264	264	MD	pe
264_S262_L002_R2_001	2	264	264	MD	pe
265_S263_L001_R1_001	1	265	265	MD	pe
265_S263_L001_R2_001	1	265	265	MD	pe
265_S263_L002_R1_001	2	265	265	MD	pe
265_S263_L002_R2_001	2	265	265	MD	pe
266_S264_L001_R1_001	1	266	266	MD	pe
266_S264_L001_R2_001	1	266	266	MD	pe
266_S264_L002_R1_001	2	266	266	MD	pe
266_S264_L002_R2_001	2	266	266	MD	pe
267_S265_L001_R1_001	1	267	267	MD	pe
267_S265_L001_R2_001	1	267	267	MD	pe
267_S265_L002_R1_001	2	267	267	MD	pe
267_S265_L002_R2_001	2	267	267	MD	pe
268_S266_L001_R1_001	1	268	268	MD	pe
268_S266_L001_R2_001	1	268	268	MD	pe
268_S266_L002_R1_001	2	268	268	MD	pe
268_S266_L002_R2_001	2	268	268	MD	pe
269_S267_L001_R1_001	1	269	269	MD	pe
269_S267_L001_R2_001	1	269	269	MD	pe
269_S267_L002_R1_001	2	269	269	MD	pe
269_S267_L002_R2_001	2	269	269	MD	pe
26_S26_L001_R1_001	1	26	26	GA	pe
26_S26_L001_R2_001	1	26	26	GA	pe
26_S26_L002_R1_001	2	26	26	GA	pe
26_S26_L002_R2_001	2	26	26	GA	pe
270_S268_L001_R1_001	1	270	270	MD	pe
270_S268_L001_R2_001	1	270	270	MD	pe
270_S268_L002_R1_001	2	270	270	MD	pe
270_S268_L002_R2_001	2	270	270	MD	pe
271_S269_L001_R1_001	1	271	271	MD	pe
271_S269_L001_R2_001	1	271	271	MD	pe
271_S269_L002_R1_001	2	271	271	MD	pe
271_S269_L002_R2_001	2	271	271	MD	pe
272_S270_L001_R1_001	1	272	272	MD	pe
272_S270_L001_R2_001	1	272	272	MD	pe
272_S270_L002_R1_001	2	272	272	MD	pe
272_S270_L002_R2_001	2	272	272	MD	pe
273_S271_L001_R1_001	1	273	273	MD	pe
273_S271_L001_R2_001	1	273	273	MD	pe
273_S271_L002_R1_001	2	273	273	MD	pe
273_S271_L002_R2_001	2	273	273	MD	pe
274_S272_L001_R1_001	1	274	274	MD	pe
274_S272_L001_R2_001	1	274	274	MD	pe
274_S272_L002_R1_001	2	274	274	MD	pe
274_S272_L002_R2_001	2	274	274	MD	pe
275_S273_L001_R1_001	1	275	275	MD	pe
275_S273_L001_R2_001	1	275	275	MD	pe
275_S273_L002_R1_001	2	275	275	MD	pe
275_S273_L002_R2_001	2	275	275	MD	pe
276_S274_L001_R1_001	1	276	276	MD	pe
276_S274_L001_R2_001	1	276	276	MD	pe
276_S274_L002_R1_001	2	276	276	MD	pe
276_S274_L002_R2_001	2	276	276	MD	pe
277_S275_L001_R1_001	1	277	277	MD	pe
277_S275_L001_R2_001	1	277	277	MD	pe
277_S275_L002_R1_001	2	277	277	MD	pe
277_S275_L002_R2_001	2	277	277	MD	pe
278_S276_L001_R1_001	1	278	278	MD	pe
278_S276_L001_R2_001	1	278	278	MD	pe
278_S276_L002_R1_001	2	278	278	MD	pe
278_S276_L002_R2_001	2	278	278	MD	pe
279_S277_L001_R1_001	1	279	279	MD	pe
279_S277_L001_R2_001	1	279	279	MD	pe
279_S277_L002_R1_001	2	279	279	MD	pe
279_S277_L002_R2_001	2	279	279	MD	pe
27_S27_L001_R1_001	1	27	27	GA	pe
27_S27_L001_R2_001	1	27	27	GA	pe
27_S27_L002_R1_001	2	27	27	GA	pe
27_S27_L002_R2_001	2	27	27	GA	pe
280_S278_L001_R1_001	1	280	280	MD	pe
280_S278_L001_R2_001	1	280	280	MD	pe
280_S278_L002_R1_001	2	280	280	MD	pe
280_S278_L002_R2_001	2	280	280	MD	pe
281_S279_L001_R1_001	1	281	281	MD	pe
281_S279_L001_R2_001	1	281	281	MD	pe
281_S279_L002_R1_001	2	281	281	MD	pe
281_S279_L002_R2_001	2	281	281	MD	pe
282_S280_L001_R1_001	1	282	282	MD	pe
282_S280_L001_R2_001	1	282	282	MD	pe
282_S280_L002_R1_001	2	282	282	MD	pe
282_S280_L002_R2_001	2	282	282	MD	pe
283_S281_L001_R1_001	1	283	283	MD	pe
283_S281_L001_R2_001	1	283	283	MD	pe
283_S281_L002_R1_001	2	283	283	MD	pe
283_S281_L002_R2_001	2	283	283	MD	pe
284_S282_L001_R1_001	1	284	284	MD	pe
284_S282_L001_R2_001	1	284	284	MD	pe
284_S282_L002_R1_001	2	284	284	MD	pe
284_S282_L002_R2_001	2	284	284	MD	pe
285_S283_L001_R1_001	1	285	285	VA	pe
285_S283_L001_R2_001	1	285	285	VA	pe
285_S283_L002_R1_001	2	285	285	VA	pe
285_S283_L002_R2_001	2	285	285	VA	pe
286_S284_L001_R1_001	1	286	286	VA	pe
286_S284_L001_R2_001	1	286	286	VA	pe
286_S284_L002_R1_001	2	286	286	VA	pe
286_S284_L002_R2_001	2	286	286	VA	pe
287_S285_L001_R1_001	1	287	287	VA	pe
287_S285_L001_R2_001	1	287	287	VA	pe
287_S285_L002_R1_001	2	287	287	VA	pe
287_S285_L002_R2_001	2	287	287	VA	pe
288_S399_L001_R1_001	1	288	288	VA	pe
288_S399_L001_R2_001	1	288	288	VA	pe
288_S399_L002_R1_001	2	288	288	VA	pe
288_S399_L002_R2_001	2	288	288	VA	pe
289_S286_L001_R1_001	1	289	289	VA	pe
289_S286_L001_R2_001	1	289	289	VA	pe
289_S286_L002_R1_001	2	289	289	VA	pe
289_S286_L002_R2_001	2	289	289	VA	pe
28_S28_L001_R1_001	1	28	28	GA	pe
28_S28_L001_R2_001	1	28	28	GA	pe
28_S28_L002_R1_001	2	28	28	GA	pe
28_S28_L002_R2_001	2	28	28	GA	pe
290_S287_L001_R1_001	1	290	290	VA	pe
290_S287_L001_R2_001	1	290	290	VA	pe
290_S287_L002_R1_001	2	290	290	VA	pe
290_S287_L002_R2_001	2	290	290	VA	pe
291_S288_L001_R1_001	1	291	291	VA	pe
291_S288_L001_R2_001	1	291	291	VA	pe
291_S288_L002_R1_001	2	291	291	VA	pe
291_S288_L002_R2_001	2	291	291	VA	pe
292_S289_L001_R1_001	1	292	292	VA	pe
292_S289_L001_R2_001	1	292	292	VA	pe
292_S289_L002_R1_001	2	292	292	VA	pe
292_S289_L002_R2_001	2	292	292	VA	pe
293_S290_L001_R1_001	1	293	293	VA	pe
293_S290_L001_R2_001	1	293	293	VA	pe
293_S290_L002_R1_001	2	293	293	VA	pe
293_S290_L002_R2_001	2	293	293	VA	pe
294_S291_L001_R1_001	1	294	294	VA	pe
294_S291_L001_R2_001	1	294	294	VA	pe
294_S291_L002_R1_001	2	294	294	VA	pe
294_S291_L002_R2_001	2	294	294	VA	pe
295_S292_L001_R1_001	1	295	295	VA	pe
295_S292_L001_R2_001	1	295	295	VA	pe
295_S292_L002_R1_001	2	295	295	VA	pe
295_S292_L002_R2_001	2	295	295	VA	pe
296_S293_L001_R1_001	1	296	296	VA	pe
296_S293_L001_R2_001	1	296	296	VA	pe
296_S293_L002_R1_001	2	296	296	VA	pe
296_S293_L002_R2_001	2	296	296	VA	pe
297_S294_L001_R1_001	1	297	297	VA	pe
297_S294_L001_R2_001	1	297	297	VA	pe
297_S294_L002_R1_001	2	297	297	VA	pe
297_S294_L002_R2_001	2	297	297	VA	pe
298_S295_L001_R1_001	1	298	298	VA	pe
298_S295_L001_R2_001	1	298	298	VA	pe
298_S295_L002_R1_001	2	298	298	VA	pe
298_S295_L002_R2_001	2	298	298	VA	pe
299_S296_L001_R1_001	1	299	299	VA	pe
299_S296_L001_R2_001	1	299	299	VA	pe
299_S296_L002_R1_001	2	299	299	VA	pe
299_S296_L002_R2_001	2	299	299	VA	pe
29_S29_L001_R1_001	1	29	29	GA	pe
29_S29_L001_R2_001	1	29	29	GA	pe
29_S29_L002_R1_001	2	29	29	GA	pe
29_S29_L002_R2_001	2	29	29	GA	pe
2_S2_L001_R1_001	1	2	2	GA	pe
2_S2_L001_R2_001	1	2	2	GA	pe
2_S2_L002_R1_001	2	2	2	GA	pe
2_S2_L002_R2_001	2	2	2	GA	pe
300_S297_L001_R1_001	1	300	300	VA	pe
300_S297_L001_R2_001	1	300	300	VA	pe
300_S297_L002_R1_001	2	300	300	VA	pe
300_S297_L002_R2_001	2	300	300	VA	pe
301_S298_L001_R1_001	1	301	301	VA	pe
301_S298_L001_R2_001	1	301	301	VA	pe
301_S298_L002_R1_001	2	301	301	VA	pe
301_S298_L002_R2_001	2	301	301	VA	pe
302_S299_L001_R1_001	1	302	302	VA	pe
302_S299_L001_R2_001	1	302	302	VA	pe
302_S299_L002_R1_001	2	302	302	VA	pe
302_S299_L002_R2_001	2	302	302	VA	pe
303_S300_L001_R1_001	1	303	303	VA	pe
303_S300_L001_R2_001	1	303	303	VA	pe
303_S300_L002_R1_001	2	303	303	VA	pe
303_S300_L002_R2_001	2	303	303	VA	pe
304_S301_L001_R1_001	1	304	304	VA	pe
304_S301_L001_R2_001	1	304	304	VA	pe
304_S301_L002_R1_001	2	304	304	VA	pe
304_S301_L002_R2_001	2	304	304	VA	pe
305_S302_L001_R1_001	1	305	305	VA	pe
305_S302_L001_R2_001	1	305	305	VA	pe
305_S302_L002_R1_001	2	305	305	VA	pe
305_S302_L002_R2_001	2	305	305	VA	pe
306_S303_L001_R1_001	1	306	306	VA	pe
306_S303_L001_R2_001	1	306	306	VA	pe
306_S303_L002_R1_001	2	306	306	VA	pe
306_S303_L002_R2_001	2	306	306	VA	pe
307_S304_L001_R1_001	1	307	307	VA	pe
307_S304_L001_R2_001	1	307	307	VA	pe
307_S304_L002_R1_001	2	307	307	VA	pe
307_S304_L002_R2_001	2	307	307	VA	pe
308_S305_L001_R1_001	1	308	308	VA	pe
308_S305_L001_R2_001	1	308	308	VA	pe
308_S305_L002_R1_001	2	308	308	VA	pe
308_S305_L002_R2_001	2	308	308	VA	pe
309_S306_L001_R1_001	1	309	309	VA	pe
309_S306_L001_R2_001	1	309	309	VA	pe
309_S306_L002_R1_001	2	309	309	VA	pe
309_S306_L002_R2_001	2	309	309	VA	pe
30_S30_L001_R1_001	1	30	30	GA	pe
30_S30_L001_R2_001	1	30	30	GA	pe
30_S30_L002_R1_001	2	30	30	GA	pe
30_S30_L002_R2_001	2	30	30	GA	pe
310_S307_L001_R1_001	1	310	310	VA	pe
310_S307_L001_R2_001	1	310	310	VA	pe
310_S307_L002_R1_001	2	310	310	VA	pe
310_S307_L002_R2_001	2	310	310	VA	pe
311_S308_L001_R1_001	1	311	311	VA	pe
311_S308_L001_R2_001	1	311	311	VA	pe
311_S308_L002_R1_001	2	311	311	VA	pe
311_S308_L002_R2_001	2	311	311	VA	pe
312_S309_L001_R1_001	1	312	312	VA	pe
312_S309_L001_R2_001	1	312	312	VA	pe
312_S309_L002_R1_001	2	312	312	VA	pe
312_S309_L002_R2_001	2	312	312	VA	pe
313_S310_L001_R1_001	1	313	313	VA	pe
313_S310_L001_R2_001	1	313	313	VA	pe
313_S310_L002_R1_001	2	313	313	VA	pe
313_S310_L002_R2_001	2	313	313	VA	pe
314_S311_L001_R1_001	1	314	314	VA	pe
314_S311_L001_R2_001	1	314	314	VA	pe
314_S311_L002_R1_001	2	314	314	VA	pe
314_S311_L002_R2_001	2	314	314	VA	pe
315_S312_L001_R1_001	1	315	315	VA	pe
315_S312_L001_R2_001	1	315	315	VA	pe
315_S312_L002_R1_001	2	315	315	VA	pe
315_S312_L002_R2_001	2	315	315	VA	pe
316_S313_L001_R1_001	1	316	316	VA	pe
316_S313_L001_R2_001	1	316	316	VA	pe
316_S313_L002_R1_001	2	316	316	VA	pe
316_S313_L002_R2_001	2	316	316	VA	pe
317_S314_L001_R1_001	1	317	317	VA	pe
317_S314_L001_R2_001	1	317	317	VA	pe
317_S314_L002_R1_001	2	317	317	VA	pe
317_S314_L002_R2_001	2	317	317	VA	pe
318_S315_L001_R1_001	1	318	318	VA	pe
318_S315_L001_R2_001	1	318	318	VA	pe
318_S315_L002_R1_001	2	318	318	VA	pe
318_S315_L002_R2_001	2	318	318	VA	pe
319_S316_L001_R1_001	1	319	319	VA	pe
319_S316_L001_R2_001	1	319	319	VA	pe
319_S316_L002_R1_001	2	319	319	VA	pe
319_S316_L002_R2_001	2	319	319	VA	pe
31_S31_L001_R1_001	1	31	31	GA	pe
31_S31_L001_R2_001	1	31	31	GA	pe
31_S31_L002_R1_001	2	31	31	GA	pe
31_S31_L002_R2_001	2	31	31	GA	pe
320_S317_L001_R1_001	1	320	320	VA	pe
320_S317_L001_R2_001	1	320	320	VA	pe
320_S317_L002_R1_001	2	320	320	VA	pe
320_S317_L002_R2_001	2	320	320	VA	pe
321_S318_L001_R1_001	1	321	321	VA	pe
321_S318_L001_R2_001	1	321	321	VA	pe
321_S318_L002_R1_001	2	321	321	VA	pe
321_S318_L002_R2_001	2	321	321	VA	pe
322_S319_L001_R1_001	1	322	322	VA	pe
322_S319_L001_R2_001	1	322	322	VA	pe
322_S319_L002_R1_001	2	322	322	VA	pe
322_S319_L002_R2_001	2	322	322	VA	pe
323_S320_L001_R1_001	1	323	323	VA	pe
323_S320_L001_R2_001	1	323	323	VA	pe
323_S320_L002_R1_001	2	323	323	VA	pe
323_S320_L002_R2_001	2	323	323	VA	pe
324_S321_L001_R1_001	1	324	324	VA	pe
324_S321_L001_R2_001	1	324	324	VA	pe
324_S321_L002_R1_001	2	324	324	VA	pe
324_S321_L002_R2_001	2	324	324	VA	pe
325_S322_L001_R1_001	1	325	325	VA	pe
325_S322_L001_R2_001	1	325	325	VA	pe
325_S322_L002_R1_001	2	325	325	VA	pe
325_S322_L002_R2_001	2	325	325	VA	pe
326_S323_L001_R1_001	1	326	326	VA	pe
326_S323_L001_R2_001	1	326	326	VA	pe
326_S323_L002_R1_001	2	326	326	VA	pe
326_S323_L002_R2_001	2	326	326	VA	pe
327_S324_L001_R1_001	1	327	327	VA	pe
327_S324_L001_R2_001	1	327	327	VA	pe
327_S324_L002_R1_001	2	327	327	VA	pe
327_S324_L002_R2_001	2	327	327	VA	pe
328_S325_L001_R1_001	1	328	328	VA	pe
328_S325_L001_R2_001	1	328	328	VA	pe
328_S325_L002_R1_001	2	328	328	VA	pe
328_S325_L002_R2_001	2	328	328	VA	pe
329_S326_L001_R1_001	1	329	329	VA	pe
329_S326_L001_R2_001	1	329	329	VA	pe
329_S326_L002_R1_001	2	329	329	VA	pe
329_S326_L002_R2_001	2	329	329	VA	pe
32_S32_L001_R1_001	1	32	32	GA	pe
32_S32_L001_R2_001	1	32	32	GA	pe
32_S32_L002_R1_001	2	32	32	GA	pe
32_S32_L002_R2_001	2	32	32	GA	pe
330_S327_L001_R1_001	1	330	330	VA	pe
330_S327_L001_R2_001	1	330	330	VA	pe
330_S327_L002_R1_001	2	330	330	VA	pe
330_S327_L002_R2_001	2	330	330	VA	pe
331_S328_L001_R1_001	1	331	331	VA	pe
331_S328_L001_R2_001	1	331	331	VA	pe
331_S328_L002_R1_001	2	331	331	VA	pe
331_S328_L002_R2_001	2	331	331	VA	pe
332_S329_L001_R1_001	1	332	332	VA	pe
332_S329_L001_R2_001	1	332	332	VA	pe
332_S329_L002_R1_001	2	332	332	VA	pe
332_S329_L002_R2_001	2	332	332	VA	pe
333_S330_L001_R1_001	1	333	333	VA	pe
333_S330_L001_R2_001	1	333	333	VA	pe
333_S330_L002_R1_001	2	333	333	VA	pe
333_S330_L002_R2_001	2	333	333	VA	pe
334_S331_L001_R1_001	1	334	334	VA	pe
334_S331_L001_R2_001	1	334	334	VA	pe
334_S331_L002_R1_001	2	334	334	VA	pe
334_S331_L002_R2_001	2	334	334	VA	pe
335_S332_L001_R1_001	1	335	335	VA	pe
335_S332_L001_R2_001	1	335	335	VA	pe
335_S332_L002_R1_001	2	335	335	VA	pe
335_S332_L002_R2_001	2	335	335	VA	pe
336_S333_L001_R1_001	1	336	336	VA	pe
336_S333_L001_R2_001	1	336	336	VA	pe
336_S333_L002_R1_001	2	336	336	VA	pe
336_S333_L002_R2_001	2	336	336	VA	pe
337_S334_L001_R1_001	1	337	337	VA	pe
337_S334_L001_R2_001	1	337	337	VA	pe
337_S334_L002_R1_001	2	337	337	VA	pe
337_S334_L002_R2_001	2	337	337	VA	pe
338_S335_L001_R1_001	1	338	338	VA	pe
338_S335_L001_R2_001	1	338	338	VA	pe
338_S335_L002_R1_001	2	338	338	VA	pe
338_S335_L002_R2_001	2	338	338	VA	pe
339_S336_L001_R1_001	1	339	339	VA	pe
339_S336_L001_R2_001	1	339	339	VA	pe
339_S336_L002_R1_001	2	339	339	VA	pe
339_S336_L002_R2_001	2	339	339	VA	pe
33_S33_L001_R1_001	1	33	33	GA	pe
33_S33_L001_R2_001	1	33	33	GA	pe
33_S33_L002_R1_001	2	33	33	GA	pe
33_S33_L002_R2_001	2	33	33	GA	pe
340_S337_L001_R1_001	1	340	340	VA	pe
340_S337_L001_R2_001	1	340	340	VA	pe
340_S337_L002_R1_001	2	340	340	VA	pe
340_S337_L002_R2_001	2	340	340	VA	pe
341_S338_L001_R1_001	1	341	341	VA	pe
341_S338_L001_R2_001	1	341	341	VA	pe
341_S338_L002_R1_001	2	341	341	VA	pe
341_S338_L002_R2_001	2	341	341	VA	pe
342_S339_L001_R1_001	1	342	342	VA	pe
342_S339_L001_R2_001	1	342	342	VA	pe
342_S339_L002_R1_001	2	342	342	VA	pe
342_S339_L002_R2_001	2	342	342	VA	pe
343_S340_L001_R1_001	1	343	343	VA	pe
343_S340_L001_R2_001	1	343	343	VA	pe
343_S340_L002_R1_001	2	343	343	VA	pe
343_S340_L002_R2_001	2	343	343	VA	pe
344_S341_L001_R1_001	1	344	344	VA	pe
344_S341_L001_R2_001	1	344	344	VA	pe
344_S341_L002_R1_001	2	344	344	VA	pe
344_S341_L002_R2_001	2	344	344	VA	pe
345_S342_L001_R1_001	1	345	345	VA	pe
345_S342_L001_R2_001	1	345	345	VA	pe
345_S342_L002_R1_001	2	345	345	VA	pe
345_S342_L002_R2_001	2	345	345	VA	pe
346_S343_L001_R1_001	1	346	346	VA	pe
346_S343_L001_R2_001	1	346	346	VA	pe
346_S343_L002_R1_001	2	346	346	VA	pe
346_S343_L002_R2_001	2	346	346	VA	pe
347_S344_L001_R1_001	1	347	347	VA	pe
347_S344_L001_R2_001	1	347	347	VA	pe
347_S344_L002_R1_001	2	347	347	VA	pe
347_S344_L002_R2_001	2	347	347	VA	pe
348_S345_L001_R1_001	1	348	348	VA	pe
348_S345_L001_R2_001	1	348	348	VA	pe
348_S345_L002_R1_001	2	348	348	VA	pe
348_S345_L002_R2_001	2	348	348	VA	pe
349_S346_L001_R1_001	1	349	349	VA	pe
349_S346_L001_R2_001	1	349	349	VA	pe
349_S346_L002_R1_001	2	349	349	VA	pe
349_S346_L002_R2_001	2	349	349	VA	pe
34_S34_L001_R1_001	1	34	34	GA	pe
34_S34_L001_R2_001	1	34	34	GA	pe
34_S34_L002_R1_001	2	34	34	GA	pe
34_S34_L002_R2_001	2	34	34	GA	pe
350_S347_L001_R1_001	1	350	350	VA	pe
350_S347_L001_R2_001	1	350	350	VA	pe
350_S347_L002_R1_001	2	350	350	VA	pe
350_S347_L002_R2_001	2	350	350	VA	pe
351_S348_L001_R1_001	1	351	351	VA	pe
351_S348_L001_R2_001	1	351	351	VA	pe
351_S348_L002_R1_001	2	351	351	VA	pe
351_S348_L002_R2_001	2	351	351	VA	pe
352_S349_L001_R1_001	1	352	352	NC	pe
352_S349_L001_R2_001	1	352	352	NC	pe
352_S349_L002_R1_001	2	352	352	NC	pe
352_S349_L002_R2_001	2	352	352	NC	pe
353_S350_L001_R1_001	1	353	353	NC	pe
353_S350_L001_R2_001	1	353	353	NC	pe
353_S350_L002_R1_001	2	353	353	NC	pe
353_S350_L002_R2_001	2	353	353	NC	pe
354_S351_L001_R1_001	1	354	354	NC	pe
354_S351_L001_R2_001	1	354	354	NC	pe
354_S351_L002_R1_001	2	354	354	NC	pe
354_S351_L002_R2_001	2	354	354	NC	pe
355_S352_L001_R1_001	1	355	355	NC	pe
355_S352_L001_R2_001	1	355	355	NC	pe
355_S352_L002_R1_001	2	355	355	NC	pe
355_S352_L002_R2_001	2	355	355	NC	pe
356_S353_L001_R1_001	1	356	356	NC	pe
356_S353_L001_R2_001	1	356	356	NC	pe
356_S353_L002_R1_001	2	356	356	NC	pe
356_S353_L002_R2_001	2	356	356	NC	pe
357_S354_L001_R1_001	1	357	357	NC	pe
357_S354_L001_R2_001	1	357	357	NC	pe
357_S354_L002_R1_001	2	357	357	NC	pe
357_S354_L002_R2_001	2	357	357	NC	pe
358_S355_L001_R1_001	1	358	358	NC	pe
358_S355_L001_R2_001	1	358	358	NC	pe
358_S355_L002_R1_001	2	358	358	NC	pe
358_S355_L002_R2_001	2	358	358	NC	pe
359_S356_L001_R1_001	1	359	359	NC	pe
359_S356_L001_R2_001	1	359	359	NC	pe
359_S356_L002_R1_001	2	359	359	NC	pe
359_S356_L002_R2_001	2	359	359	NC	pe
35_S35_L001_R1_001	1	35	35	GA	pe
35_S35_L001_R2_001	1	35	35	GA	pe
35_S35_L002_R1_001	2	35	35	GA	pe
35_S35_L002_R2_001	2	35	35	GA	pe
360_S357_L001_R1_001	1	360	360	NC	pe
360_S357_L001_R2_001	1	360	360	NC	pe
360_S357_L002_R1_001	2	360	360	NC	pe
360_S357_L002_R2_001	2	360	360	NC	pe
361_S400_L001_R1_001	1	361	361	NC	pe
361_S400_L001_R2_001	1	361	361	NC	pe
361_S400_L002_R1_001	2	361	361	NC	pe
361_S400_L002_R2_001	2	361	361	NC	pe
362_S358_L001_R1_001	1	362	362	NC	pe
362_S358_L001_R2_001	1	362	362	NC	pe
362_S358_L002_R1_001	2	362	362	NC	pe
362_S358_L002_R2_001	2	362	362	NC	pe
363_S359_L001_R1_001	1	363	363	NC	pe
363_S359_L001_R2_001	1	363	363	NC	pe
363_S359_L002_R1_001	2	363	363	NC	pe
363_S359_L002_R2_001	2	363	363	NC	pe
364_S360_L001_R1_001	1	364	364	NC	pe
364_S360_L001_R2_001	1	364	364	NC	pe
364_S360_L002_R1_001	2	364	364	NC	pe
364_S360_L002_R2_001	2	364	364	NC	pe
365_S361_L001_R1_001	1	365	365	NC	pe
365_S361_L001_R2_001	1	365	365	NC	pe
365_S361_L002_R1_001	2	365	365	NC	pe
365_S361_L002_R2_001	2	365	365	NC	pe
366_S362_L001_R1_001	1	366	366	NC	pe
366_S362_L001_R2_001	1	366	366	NC	pe
366_S362_L002_R1_001	2	366	366	NC	pe
366_S362_L002_R2_001	2	366	366	NC	pe
367_S363_L001_R1_001	1	367	367	NC	pe
367_S363_L001_R2_001	1	367	367	NC	pe
367_S363_L002_R1_001	2	367	367	NC	pe
367_S363_L002_R2_001	2	367	367	NC	pe
368_S364_L001_R1_001	1	368	368	NC	pe
368_S364_L001_R2_001	1	368	368	NC	pe
368_S364_L002_R1_001	2	368	368	NC	pe
368_S364_L002_R2_001	2	368	368	NC	pe
369_S365_L001_R1_001	1	369	369	NC	pe
369_S365_L001_R2_001	1	369	369	NC	pe
369_S365_L002_R1_001	2	369	369	NC	pe
369_S365_L002_R2_001	2	369	369	NC	pe
36_S36_L001_R1_001	1	36	36	OB	pe
36_S36_L001_R2_001	1	36	36	OB	pe
36_S36_L002_R1_001	2	36	36	OB	pe
36_S36_L002_R2_001	2	36	36	OB	pe
370_S366_L001_R1_001	1	370	370	NC	pe
370_S366_L001_R2_001	1	370	370	NC	pe
370_S366_L002_R1_001	2	370	370	NC	pe
370_S366_L002_R2_001	2	370	370	NC	pe
371_S367_L001_R1_001	1	371	371	NC	pe
371_S367_L001_R2_001	1	371	371	NC	pe
371_S367_L002_R1_001	2	371	371	NC	pe
371_S367_L002_R2_001	2	371	371	NC	pe
372_S368_L001_R1_001	1	372	372	NC	pe
372_S368_L001_R2_001	1	372	372	NC	pe
372_S368_L002_R1_001	2	372	372	NC	pe
372_S368_L002_R2_001	2	372	372	NC	pe
373_S369_L001_R1_001	1	373	373	NC	pe
373_S369_L001_R2_001	1	373	373	NC	pe
373_S369_L002_R1_001	2	373	373	NC	pe
373_S369_L002_R2_001	2	373	373	NC	pe
374_S370_L001_R1_001	1	374	374	NC	pe
374_S370_L001_R2_001	1	374	374	NC	pe
374_S370_L002_R1_001	2	374	374	NC	pe
374_S370_L002_R2_001	2	374	374	NC	pe
375_S371_L001_R1_001	1	375	375	NC	pe
375_S371_L001_R2_001	1	375	375	NC	pe
375_S371_L002_R1_001	2	375	375	NC	pe
375_S371_L002_R2_001	2	375	375	NC	pe
376_S372_L001_R1_001	1	376	376	NC	pe
376_S372_L001_R2_001	1	376	376	NC	pe
376_S372_L002_R1_001	2	376	376	NC	pe
376_S372_L002_R2_001	2	376	376	NC	pe
377_S373_L001_R1_001	1	377	377	NC	pe
377_S373_L001_R2_001	1	377	377	NC	pe
377_S373_L002_R1_001	2	377	377	NC	pe
377_S373_L002_R2_001	2	377	377	NC	pe
378_S374_L001_R1_001	1	378	378	NC	pe
378_S374_L001_R2_001	1	378	378	NC	pe
378_S374_L002_R1_001	2	378	378	NC	pe
378_S374_L002_R2_001	2	378	378	NC	pe
379_S375_L001_R1_001	1	379	379	NC	pe
379_S375_L001_R2_001	1	379	379	NC	pe
379_S375_L002_R1_001	2	379	379	NC	pe
379_S375_L002_R2_001	2	379	379	NC	pe
37_S37_L001_R1_001	1	37	37	OB	pe
37_S37_L001_R2_001	1	37	37	OB	pe
37_S37_L002_R1_001	2	37	37	OB	pe
37_S37_L002_R2_001	2	37	37	OB	pe
380_S376_L001_R1_001	1	380	380	NC	pe
380_S376_L001_R2_001	1	380	380	NC	pe
380_S376_L002_R1_001	2	380	380	NC	pe
380_S376_L002_R2_001	2	380	380	NC	pe
381_S377_L001_R1_001	1	381	381	NC	pe
381_S377_L001_R2_001	1	381	381	NC	pe
381_S377_L002_R1_001	2	381	381	NC	pe
381_S377_L002_R2_001	2	381	381	NC	pe
382_S378_L001_R1_001	1	382	382	NC	pe
382_S378_L001_R2_001	1	382	382	NC	pe
382_S378_L002_R1_001	2	382	382	NC	pe
382_S378_L002_R2_001	2	382	382	NC	pe
383_S379_L001_R1_001	1	383	383	NC	pe
383_S379_L001_R2_001	1	383	383	NC	pe
383_S379_L002_R1_001	2	383	383	NC	pe
383_S379_L002_R2_001	2	383	383	NC	pe
384_S380_L001_R1_001	1	384	384	NC	pe
384_S380_L001_R2_001	1	384	384	NC	pe
384_S380_L002_R1_001	2	384	384	NC	pe
384_S380_L002_R2_001	2	384	384	NC	pe
385_S381_L001_R1_001	1	385	385	NC	pe
385_S381_L001_R2_001	1	385	385	NC	pe
385_S381_L002_R1_001	2	385	385	NC	pe
385_S381_L002_R2_001	2	385	385	NC	pe
386_S382_L001_R1_001	1	386	386	NC	pe
386_S382_L001_R2_001	1	386	386	NC	pe
386_S382_L002_R1_001	2	386	386	NC	pe
386_S382_L002_R2_001	2	386	386	NC	pe
387_S383_L001_R1_001	1	387	387	NC	pe
387_S383_L001_R2_001	1	387	387	NC	pe
387_S383_L002_R1_001	2	387	387	NC	pe
387_S383_L002_R2_001	2	387	387	NC	pe
388_S384_L001_R1_001	1	388	388	NC	pe
388_S384_L001_R2_001	1	388	388	NC	pe
388_S384_L002_R1_001	2	388	388	NC	pe
388_S384_L002_R2_001	2	388	388	NC	pe
389_S385_L001_R1_001	1	389	389	NC	pe
389_S385_L001_R2_001	1	389	389	NC	pe
389_S385_L002_R1_001	2	389	389	NC	pe
389_S385_L002_R2_001	2	389	389	NC	pe
38_S38_L001_R1_001	1	38	38	OB	pe
38_S38_L001_R2_001	1	38	38	OB	pe
38_S38_L002_R1_001	2	38	38	OB	pe
38_S38_L002_R2_001	2	38	38	OB	pe
390_S386_L001_R1_001	1	390	390	NC	pe
390_S386_L001_R2_001	1	390	390	NC	pe
390_S386_L002_R1_001	2	390	390	NC	pe
390_S386_L002_R2_001	2	390	390	NC	pe
391_S387_L001_R1_001	1	391	391	NC	pe
391_S387_L001_R2_001	1	391	391	NC	pe
391_S387_L002_R1_001	2	391	391	NC	pe
391_S387_L002_R2_001	2	391	391	NC	pe
392_S388_L001_R1_001	1	392	392	NC	pe
392_S388_L001_R2_001	1	392	392	NC	pe
392_S388_L002_R1_001	2	392	392	NC	pe
392_S388_L002_R2_001	2	392	392	NC	pe
393_S389_L001_R1_001	1	393	393	NC	pe
393_S389_L001_R2_001	1	393	393	NC	pe
393_S389_L002_R1_001	2	393	393	NC	pe
393_S389_L002_R2_001	2	393	393	NC	pe
394_S390_L001_R1_001	1	394	394	NC	pe
394_S390_L001_R2_001	1	394	394	NC	pe
394_S390_L002_R1_001	2	394	394	NC	pe
394_S390_L002_R2_001	2	394	394	NC	pe
395_S391_L001_R1_001	1	395	395	NC	pe
395_S391_L001_R2_001	1	395	395	NC	pe
395_S391_L002_R1_001	2	395	395	NC	pe
395_S391_L002_R2_001	2	395	395	NC	pe
396_S392_L001_R1_001	1	396	396	NC	pe
396_S392_L001_R2_001	1	396	396	NC	pe
396_S392_L002_R1_001	2	396	396	NC	pe
396_S392_L002_R2_001	2	396	396	NC	pe
397_S393_L001_R1_001	1	397	397	NC	pe
397_S393_L001_R2_001	1	397	397	NC	pe
397_S393_L002_R1_001	2	397	397	NC	pe
397_S393_L002_R2_001	2	397	397	NC	pe
398_S394_L001_R1_001	1	398	398	NC	pe
398_S394_L001_R2_001	1	398	398	NC	pe
398_S394_L002_R1_001	2	398	398	NC	pe
398_S394_L002_R2_001	2	398	398	NC	pe
399_S395_L001_R1_001	1	399	399	NC	pe
399_S395_L001_R2_001	1	399	399	NC	pe
399_S395_L002_R1_001	2	399	399	NC	pe
399_S395_L002_R2_001	2	399	399	NC	pe
39_S39_L001_R1_001	1	39	39	OB	pe
39_S39_L001_R2_001	1	39	39	OB	pe
39_S39_L002_R1_001	2	39	39	OB	pe
39_S39_L002_R2_001	2	39	39	OB	pe
3_S3_L001_R1_001	1	3	3	GA	pe
3_S3_L001_R2_001	1	3	3	GA	pe
3_S3_L002_R1_001	2	3	3	GA	pe
3_S3_L002_R2_001	2	3	3	GA	pe
400_S396_L001_R1_001	1	400	400	NC	pe
400_S396_L001_R2_001	1	400	400	NC	pe
400_S396_L002_R1_001	2	400	400	NC	pe
400_S396_L002_R2_001	2	400	400	NC	pe
40_S40_L001_R1_001	1	40	40	OB	pe
40_S40_L001_R2_001	1	40	40	OB	pe
40_S40_L002_R1_001	2	40	40	OB	pe
40_S40_L002_R2_001	2	40	40	OB	pe
41_S41_L001_R1_001	1	41	41	OB	pe
41_S41_L001_R2_001	1	41	41	OB	pe
41_S41_L002_R1_001	2	41	41	OB	pe
41_S41_L002_R2_001	2	41	41	OB	pe
42_S42_L001_R1_001	1	42	42	OB	pe
42_S42_L001_R2_001	1	42	42	OB	pe
42_S42_L002_R1_001	2	42	42	OB	pe
42_S42_L002_R2_001	2	42	42	OB	pe
43_S43_L001_R1_001	1	43	43	OB	pe
43_S43_L001_R2_001	1	43	43	OB	pe
43_S43_L002_R1_001	2	43	43	OB	pe
43_S43_L002_R2_001	2	43	43	OB	pe
44_S44_L001_R1_001	1	44	44	OB	pe
44_S44_L001_R2_001	1	44	44	OB	pe
44_S44_L002_R1_001	2	44	44	OB	pe
44_S44_L002_R2_001	2	44	44	OB	pe
45_S45_L001_R1_001	1	45	45	OB	pe
45_S45_L001_R2_001	1	45	45	OB	pe
45_S45_L002_R1_001	2	45	45	OB	pe
45_S45_L002_R2_001	2	45	45	OB	pe
46_S46_L001_R1_001	1	46	46	OB	pe
46_S46_L001_R2_001	1	46	46	OB	pe
46_S46_L002_R1_001	2	46	46	OB	pe
46_S46_L002_R2_001	2	46	46	OB	pe
47_S47_L001_R1_001	1	47	47	OB	pe
47_S47_L001_R2_001	1	47	47	OB	pe
47_S47_L002_R1_001	2	47	47	OB	pe
47_S47_L002_R2_001	2	47	47	OB	pe
48_S48_L001_R1_001	1	48	48	OB	pe
48_S48_L001_R2_001	1	48	48	OB	pe
48_S48_L002_R1_001	2	48	48	OB	pe
48_S48_L002_R2_001	2	48	48	OB	pe
49_S49_L001_R1_001	1	49	49	OB	pe
49_S49_L001_R2_001	1	49	49	OB	pe
49_S49_L002_R1_001	2	49	49	OB	pe
49_S49_L002_R2_001	2	49	49	OB	pe
4_S4_L001_R1_001	1	4	4	GA	pe
4_S4_L001_R2_001	1	4	4	GA	pe
4_S4_L002_R1_001	2	4	4	GA	pe
4_S4_L002_R2_001	2	4	4	GA	pe
50_S50_L001_R1_001	1	50	50	OB	pe
50_S50_L001_R2_001	1	50	50	OB	pe
50_S50_L002_R1_001	2	50	50	OB	pe
50_S50_L002_R2_001	2	50	50	OB	pe
51_S51_L001_R1_001	1	51	51	OB	pe
51_S51_L001_R2_001	1	51	51	OB	pe
51_S51_L002_R1_001	2	51	51	OB	pe
51_S51_L002_R2_001	2	51	51	OB	pe
52_S52_L001_R1_001	1	52	52	OB	pe
52_S52_L001_R2_001	1	52	52	OB	pe
52_S52_L002_R1_001	2	52	52	OB	pe
52_S52_L002_R2_001	2	52	52	OB	pe
53_S53_L001_R1_001	1	53	53	OB	pe
53_S53_L001_R2_001	1	53	53	OB	pe
53_S53_L002_R1_001	2	53	53	OB	pe
53_S53_L002_R2_001	2	53	53	OB	pe
54_S54_L001_R1_001	1	54	54	OB	pe
54_S54_L001_R2_001	1	54	54	OB	pe
54_S54_L002_R1_001	2	54	54	OB	pe
54_S54_L002_R2_001	2	54	54	OB	pe
55_S55_L001_R1_001	1	55	55	OB	pe
55_S55_L001_R2_001	1	55	55	OB	pe
55_S55_L002_R1_001	2	55	55	OB	pe
55_S55_L002_R2_001	2	55	55	OB	pe
56_S56_L001_R1_001	1	56	56	OB	pe
56_S56_L001_R2_001	1	56	56	OB	pe
56_S56_L002_R1_001	2	56	56	OB	pe
56_S56_L002_R2_001	2	56	56	OB	pe
57_S57_L001_R1_001	1	57	57	OB	pe
57_S57_L001_R2_001	1	57	57	OB	pe
57_S57_L002_R1_001	2	57	57	OB	pe
57_S57_L002_R2_001	2	57	57	OB	pe
58_S58_L001_R1_001	1	58	58	OB	pe
58_S58_L001_R2_001	1	58	58	OB	pe
58_S58_L002_R1_001	2	58	58	OB	pe
58_S58_L002_R2_001	2	58	58	OB	pe
59_S59_L001_R1_001	1	59	59	OB	pe
59_S59_L001_R2_001	1	59	59	OB	pe
59_S59_L002_R1_001	2	59	59	OB	pe
59_S59_L002_R2_001	2	59	59	OB	pe
5_S5_L001_R1_001	1	5	5	GA	pe
5_S5_L001_R2_001	1	5	5	GA	pe
5_S5_L002_R1_001	2	5	5	GA	pe
5_S5_L002_R2_001	2	5	5	GA	pe
60_S60_L001_R1_001	1	60	60	OB	pe
60_S60_L001_R2_001	1	60	60	OB	pe
60_S60_L002_R1_001	2	60	60	OB	pe
60_S60_L002_R2_001	2	60	60	OB	pe
61_S61_L001_R1_001	1	61	61	OB	pe
61_S61_L001_R2_001	1	61	61	OB	pe
61_S61_L002_R1_001	2	61	61	OB	pe
61_S61_L002_R2_001	2	61	61	OB	pe
62_S62_L001_R1_001	1	62	62	OB	pe
62_S62_L001_R2_001	1	62	62	OB	pe
62_S62_L002_R1_001	2	62	62	OB	pe
62_S62_L002_R2_001	2	62	62	OB	pe
63_S63_L001_R1_001	1	63	63	OB	pe
63_S63_L001_R2_001	1	63	63	OB	pe
63_S63_L002_R1_001	2	63	63	OB	pe
63_S63_L002_R2_001	2	63	63	OB	pe
64_S64_L001_R1_001	1	64	64	OB	pe
64_S64_L001_R2_001	1	64	64	OB	pe
64_S64_L002_R1_001	2	64	64	OB	pe
64_S64_L002_R2_001	2	64	64	OB	pe
65_S65_L001_R1_001	1	65	65	OB	pe
65_S65_L001_R2_001	1	65	65	OB	pe
65_S65_L002_R1_001	2	65	65	OB	pe
65_S65_L002_R2_001	2	65	65	OB	pe
66_S66_L001_R1_001	1	66	66	OB	pe
66_S66_L001_R2_001	1	66	66	OB	pe
66_S66_L002_R1_001	2	66	66	OB	pe
66_S66_L002_R2_001	2	66	66	OB	pe
67_S67_L001_R1_001	1	67	67	OB	pe
67_S67_L001_R2_001	1	67	67	OB	pe
67_S67_L002_R1_001	2	67	67	OB	pe
67_S67_L002_R2_001	2	67	67	OB	pe
68_S68_L001_R1_001	1	68	68	OB	pe
68_S68_L001_R2_001	1	68	68	OB	pe
68_S68_L002_R1_001	2	68	68	OB	pe
68_S68_L002_R2_001	2	68	68	OB	pe
69_S69_L001_R1_001	1	69	69	OB	pe
69_S69_L001_R2_001	1	69	69	OB	pe
69_S69_L002_R1_001	2	69	69	OB	pe
69_S69_L002_R2_001	2	69	69	OB	pe
6_S6_L001_R1_001	1	6	6	GA	pe
6_S6_L001_R2_001	1	6	6	GA	pe
6_S6_L002_R1_001	2	6	6	GA	pe
6_S6_L002_R2_001	2	6	6	GA	pe
70_S70_L001_R1_001	1	70	70	OB	pe
70_S70_L001_R2_001	1	70	70	OB	pe
70_S70_L002_R1_001	2	70	70	OB	pe
70_S70_L002_R2_001	2	70	70	OB	pe
71_S71_L001_R1_001	1	71	71	LB	pe
71_S71_L001_R2_001	1	71	71	LB	pe
71_S71_L002_R1_001	2	71	71	LB	pe
71_S71_L002_R2_001	2	71	71	LB	pe
72_S72_L001_R1_001	1	72	72	LB	pe
72_S72_L001_R2_001	1	72	72	LB	pe
72_S72_L002_R1_001	2	72	72	LB	pe
72_S72_L002_R2_001	2	72	72	LB	pe
73_S73_L001_R1_001	1	73	73	LB	pe
73_S73_L001_R2_001	1	73	73	LB	pe
73_S73_L002_R1_001	2	73	73	LB	pe
73_S73_L002_R2_001	2	73	73	LB	pe
74_S74_L001_R1_001	1	74	74	LB	pe
74_S74_L001_R2_001	1	74	74	LB	pe
74_S74_L002_R1_001	2	74	74	LB	pe
74_S74_L002_R2_001	2	74	74	LB	pe
75_S75_L001_R1_001	1	75	75	LB	pe
75_S75_L001_R2_001	1	75	75	LB	pe
75_S75_L002_R1_001	2	75	75	LB	pe
75_S75_L002_R2_001	2	75	75	LB	pe
76_S76_L001_R1_001	1	76	76	LB	pe
76_S76_L001_R2_001	1	76	76	LB	pe
76_S76_L002_R1_001	2	76	76	LB	pe
76_S76_L002_R2_001	2	76	76	LB	pe
77_S77_L001_R1_001	1	77	77	LB	pe
77_S77_L001_R2_001	1	77	77	LB	pe
77_S77_L002_R1_001	2	77	77	LB	pe
77_S77_L002_R2_001	2	77	77	LB	pe
78_S78_L001_R1_001	1	78	78	LB	pe
78_S78_L001_R2_001	1	78	78	LB	pe
78_S78_L002_R1_001	2	78	78	LB	pe
78_S78_L002_R2_001	2	78	78	LB	pe
79_S79_L001_R1_001	1	79	79	LB	pe
79_S79_L001_R2_001	1	79	79	LB	pe
79_S79_L002_R1_001	2	79	79	LB	pe
79_S79_L002_R2_001	2	79	79	LB	pe
7_S7_L001_R1_001	1	7	7	GA	pe
7_S7_L001_R2_001	1	7	7	GA	pe
7_S7_L002_R1_001	2	7	7	GA	pe
7_S7_L002_R2_001	2	7	7	GA	pe
80_S80_L001_R1_001	1	80	80	LB	pe
80_S80_L001_R2_001	1	80	80	LB	pe
80_S80_L002_R1_001	2	80	80	LB	pe
80_S80_L002_R2_001	2	80	80	LB	pe
81_S81_L001_R1_001	1	81	81	LB	pe
81_S81_L001_R2_001	1	81	81	LB	pe
81_S81_L002_R1_001	2	81	81	LB	pe
81_S81_L002_R2_001	2	81	81	LB	pe
82_S82_L001_R1_001	1	82	82	LB	pe
82_S82_L001_R2_001	1	82	82	LB	pe
82_S82_L002_R1_001	2	82	82	LB	pe
82_S82_L002_R2_001	2	82	82	LB	pe
83_S83_L001_R1_001	1	83	83	LB	pe
83_S83_L001_R2_001	1	83	83	LB	pe
83_S83_L002_R1_001	2	83	83	LB	pe
83_S83_L002_R2_001	2	83	83	LB	pe
84_S84_L001_R1_001	1	84	84	LB	pe
84_S84_L001_R2_001	1	84	84	LB	pe
84_S84_L002_R1_001	2	84	84	LB	pe
84_S84_L002_R2_001	2	84	84	LB	pe
85_S85_L001_R1_001	1	85	85	LB	pe
85_S85_L001_R2_001	1	85	85	LB	pe
85_S85_L002_R1_001	2	85	85	LB	pe
85_S85_L002_R2_001	2	85	85	LB	pe
86_S86_L001_R1_001	1	86	86	LB	pe
86_S86_L001_R2_001	1	86	86	LB	pe
86_S86_L002_R1_001	2	86	86	LB	pe
86_S86_L002_R2_001	2	86	86	LB	pe
87_S87_L001_R1_001	1	87	87	LB	pe
87_S87_L001_R2_001	1	87	87	LB	pe
87_S87_L002_R1_001	2	87	87	LB	pe
87_S87_L002_R2_001	2	87	87	LB	pe
88_S88_L001_R1_001	1	88	88	LB	pe
88_S88_L001_R2_001	1	88	88	LB	pe
88_S88_L002_R1_001	2	88	88	LB	pe
88_S88_L002_R2_001	2	88	88	LB	pe
89_S89_L001_R1_001	1	89	89	LB	pe
89_S89_L001_R2_001	1	89	89	LB	pe
89_S89_L002_R1_001	2	89	89	LB	pe
89_S89_L002_R2_001	2	89	89	LB	pe
8_S8_L001_R1_001	1	8	8	GA	pe
8_S8_L001_R2_001	1	8	8	GA	pe
8_S8_L002_R1_001	2	8	8	GA	pe
8_S8_L002_R2_001	2	8	8	GA	pe
90_S90_L001_R1_001	1	90	90	LB	pe
90_S90_L001_R2_001	1	90	90	LB	pe
90_S90_L002_R1_001	2	90	90	LB	pe
90_S90_L002_R2_001	2	90	90	LB	pe
91_S91_L001_R1_001	1	91	91	LB	pe
91_S91_L001_R2_001	1	91	91	LB	pe
91_S91_L002_R1_001	2	91	91	LB	pe
91_S91_L002_R2_001	2	91	91	LB	pe
92_S92_L001_R1_001	1	92	92	LB	pe
92_S92_L001_R2_001	1	92	92	LB	pe
92_S92_L002_R1_001	2	92	92	LB	pe
92_S92_L002_R2_001	2	92	92	LB	pe
93_S93_L001_R1_001	1	93	93	LB	pe
93_S93_L001_R2_001	1	93	93	LB	pe
93_S93_L002_R1_001	2	93	93	LB	pe
93_S93_L002_R2_001	2	93	93	LB	pe
94_S94_L001_R1_001	1	94	94	LB	pe
94_S94_L001_R2_001	1	94	94	LB	pe
94_S94_L002_R1_001	2	94	94	LB	pe
94_S94_L002_R2_001	2	94	94	LB	pe
95_S95_L001_R1_001	1	95	95	LB	pe
95_S95_L001_R2_001	1	95	95	LB	pe
95_S95_L002_R1_001	2	95	95	LB	pe
95_S95_L002_R2_001	2	95	95	LB	pe
96_S397_L001_R1_001	1	96	96	LB	pe
96_S397_L001_R2_001	1	96	96	LB	pe
96_S397_L002_R1_001	2	96	96	LB	pe
96_S397_L002_R2_001	2	96	96	LB	pe
97_S96_L001_R1_001	1	97	97	LB	pe
97_S96_L001_R2_001	1	97	97	LB	pe
97_S96_L002_R1_001	2	97	97	LB	pe
97_S96_L002_R2_001	2	97	97	LB	pe
98_S97_L001_R1_001	1	98	98	LB	pe
98_S97_L001_R2_001	1	98	98	LB	pe
98_S97_L002_R1_001	2	98	98	LB	pe
98_S97_L002_R2_001	2	98	98	LB	pe
99_S98_L001_R1_001	1	99	99	LB	pe
99_S98_L001_R2_001	1	99	99	LB	pe
99_S98_L002_R1_001	2	99	99	LB	pe
99_S98_L002_R2_001	2	99	99	LB	pe
9_S9_L001_R1_001	1	9	9	GA	pe
9_S9_L001_R2_001	1	9	9	GA	pe
9_S9_L002_R1_001	2	9	9	GA	pe
9_S9_L002_R2_001	2	9	9	GA	pe
100_S99_L003_R1_001	3	100	100	LB	pe
100_S99_L003_R2_001	3	100	100	LB	pe
101_S100_L003_R1_001	3	101	101	LB	pe
101_S100_L003_R2_001	3	101	101	LB	pe
102_S101_L003_R1_001	3	102	102	LB	pe
102_S101_L003_R2_001	3	102	102	LB	pe
103_S102_L003_R1_001	3	103	103	FL	pe
103_S102_L003_R2_001	3	103	103	FL	pe
104_S103_L003_R1_001	3	104	104	FL	pe
104_S103_L003_R2_001	3	104	104	FL	pe
105_S104_L003_R1_001	3	105	105	FL	pe
105_S104_L003_R2_001	3	105	105	FL	pe
106_S105_L003_R1_001	3	106	106	FL	pe
106_S105_L003_R2_001	3	106	106	FL	pe
107_S106_L003_R1_001	3	107	107	FL	pe
107_S106_L003_R2_001	3	107	107	FL	pe
108_S107_L003_R1_001	3	108	108	FL	pe
108_S107_L003_R2_001	3	108	108	FL	pe
109_S108_L003_R1_001	3	109	109	FL	pe
109_S108_L003_R2_001	3	109	109	FL	pe
10_S10_L003_R1_001	3	10	10	GA	pe
10_S10_L003_R2_001	3	10	10	GA	pe
110_S109_L003_R1_001	3	110	110	FL	pe
110_S109_L003_R2_001	3	110	110	FL	pe
111_S110_L003_R1_001	3	111	111	FL	pe
111_S110_L003_R2_001	3	111	111	FL	pe
112_S111_L003_R1_001	3	112	112	FL	pe
112_S111_L003_R2_001	3	112	112	FL	pe
113_S112_L003_R1_001	3	113	113	FL	pe
113_S112_L003_R2_001	3	113	113	FL	pe
114_S113_L003_R1_001	3	114	114	FL	pe
114_S113_L003_R2_001	3	114	114	FL	pe
115_S114_L003_R1_001	3	115	115	FL	pe
115_S114_L003_R2_001	3	115	115	FL	pe
116_S115_L003_R1_001	3	116	116	FL	pe
116_S115_L003_R2_001	3	116	116	FL	pe
117_S116_L003_R1_001	3	117	117	FL	pe
117_S116_L003_R2_001	3	117	117	FL	pe
118_S117_L003_R1_001	3	118	118	FL	pe
118_S117_L003_R2_001	3	118	118	FL	pe
119_S118_L003_R1_001	3	119	119	FL	pe
119_S118_L003_R2_001	3	119	119	FL	pe
11_S11_L003_R1_001	3	11	11	GA	pe
11_S11_L003_R2_001	3	11	11	GA	pe
120_S119_L003_R1_001	3	120	120	FL	pe
120_S119_L003_R2_001	3	120	120	FL	pe
121_S120_L003_R1_001	3	121	121	FL	pe
121_S120_L003_R2_001	3	121	121	FL	pe
122_S121_L003_R1_001	3	122	122	FL	pe
122_S121_L003_R2_001	3	122	122	FL	pe
123_S122_L003_R1_001	3	123	123	FL	pe
123_S122_L003_R2_001	3	123	123	FL	pe
124_S123_L003_R1_001	3	124	124	FL	pe
124_S123_L003_R2_001	3	124	124	FL	pe
125_S124_L003_R1_001	3	125	125	FL	pe
125_S124_L003_R2_001	3	125	125	FL	pe
126_S125_L003_R1_001	3	126	126	FL	pe
126_S125_L003_R2_001	3	126	126	FL	pe
127_S126_L003_R1_001	3	127	127	FL	pe
127_S126_L003_R2_001	3	127	127	FL	pe
128_S127_L003_R1_001	3	128	128	FL	pe
128_S127_L003_R2_001	3	128	128	FL	pe
129_S128_L003_R1_001	3	129	129	FL	pe
129_S128_L003_R2_001	3	129	129	FL	pe
12_S12_L003_R1_001	3	12	12	GA	pe
12_S12_L003_R2_001	3	12	12	GA	pe
130_S129_L003_R1_001	3	130	130	FL	pe
130_S129_L003_R2_001	3	130	130	FL	pe
131_S130_L003_R1_001	3	131	131	FL	pe
131_S130_L003_R2_001	3	131	131	FL	pe
132_S131_L003_R1_001	3	132	132	FL	pe
132_S131_L003_R2_001	3	132	132	FL	pe
133_S132_L003_R1_001	3	133	133	FL	pe
133_S132_L003_R2_001	3	133	133	FL	pe
134_S133_L003_R1_001	3	134	134	FL	pe
134_S133_L003_R2_001	3	134	134	FL	pe
135_S134_L003_R1_001	3	135	135	FL	pe
135_S134_L003_R2_001	3	135	135	FL	pe
136_S135_L003_R1_001	3	136	136	FL	pe
136_S135_L003_R2_001	3	136	136	FL	pe
137_S136_L003_R1_001	3	137	137	FL	pe
137_S136_L003_R2_001	3	137	137	FL	pe
138_S137_L003_R1_001	3	138	138	SC	pe
138_S137_L003_R2_001	3	138	138	SC	pe
139_S138_L003_R1_001	3	139	139	SC	pe
139_S138_L003_R2_001	3	139	139	SC	pe
13_S13_L003_R1_001	3	13	13	GA	pe
13_S13_L003_R2_001	3	13	13	GA	pe
140_S139_L003_R1_001	3	140	140	SC	pe
140_S139_L003_R2_001	3	140	140	SC	pe
141_S140_L003_R1_001	3	141	141	SC	pe
141_S140_L003_R2_001	3	141	141	SC	pe
142_S141_L003_R1_001	3	142	142	SC	pe
142_S141_L003_R2_001	3	142	142	SC	pe
143_S142_L003_R1_001	3	143	143	SC	pe
143_S142_L003_R2_001	3	143	143	SC	pe
144_S143_L003_R1_001	3	144	144	SC	pe
144_S143_L003_R2_001	3	144	144	SC	pe
145_S144_L003_R1_001	3	145	145	SC	pe
145_S144_L003_R2_001	3	145	145	SC	pe
146_S145_L003_R1_001	3	146	146	SC	pe
146_S145_L003_R2_001	3	146	146	SC	pe
147_S146_L003_R1_001	3	147	147	SC	pe
147_S146_L003_R2_001	3	147	147	SC	pe
148_S147_L003_R1_001	3	148	148	SC	pe
148_S147_L003_R2_001	3	148	148	SC	pe
149_S148_L003_R1_001	3	149	149	SC	pe
149_S148_L003_R2_001	3	149	149	SC	pe
14_S14_L003_R1_001	3	14	14	GA	pe
14_S14_L003_R2_001	3	14	14	GA	pe
150_S149_L003_R1_001	3	150	150	SC	pe
150_S149_L003_R2_001	3	150	150	SC	pe
151_S150_L003_R1_001	3	151	151	SC	pe
151_S150_L003_R2_001	3	151	151	SC	pe
152_S151_L003_R1_001	3	152	152	SC	pe
152_S151_L003_R2_001	3	152	152	SC	pe
153_S152_L003_R1_001	3	153	153	SC	pe
153_S152_L003_R2_001	3	153	153	SC	pe
154_S153_L003_R1_001	3	154	154	SC	pe
154_S153_L003_R2_001	3	154	154	SC	pe
155_S154_L003_R1_001	3	155	155	SC	pe
155_S154_L003_R2_001	3	155	155	SC	pe
156_S155_L003_R1_001	3	156	156	SC	pe
156_S155_L003_R2_001	3	156	156	SC	pe
157_S156_L003_R1_001	3	157	157	SC	pe
157_S156_L003_R2_001	3	157	157	SC	pe
158_S157_L003_R1_001	3	158	158	SC	pe
158_S157_L003_R2_001	3	158	158	SC	pe
159_S158_L003_R1_001	3	159	159	SC	pe
159_S158_L003_R2_001	3	159	159	SC	pe
15_S15_L003_R1_001	3	15	15	GA	pe
15_S15_L003_R2_001	3	15	15	GA	pe
160_S159_L003_R1_001	3	160	160	SC	pe
160_S159_L003_R2_001	3	160	160	SC	pe
161_S160_L003_R1_001	3	161	161	SC	pe
161_S160_L003_R2_001	3	161	161	SC	pe
162_S161_L003_R1_001	3	162	162	SC	pe
162_S161_L003_R2_001	3	162	162	SC	pe
163_S162_L003_R1_001	3	163	163	SC	pe
163_S162_L003_R2_001	3	163	163	SC	pe
164_S163_L003_R1_001	3	164	164	SC	pe
164_S163_L003_R2_001	3	164	164	SC	pe
165_S164_L003_R1_001	3	165	165	SC	pe
165_S164_L003_R2_001	3	165	165	SC	pe
166_S165_L003_R1_001	3	166	166	SC	pe
166_S165_L003_R2_001	3	166	166	SC	pe
167_S166_L003_R1_001	3	167	167	SC	pe
167_S166_L003_R2_001	3	167	167	SC	pe
168_S167_L003_R1_001	3	168	168	SC	pe
168_S167_L003_R2_001	3	168	168	SC	pe
169_S168_L003_R1_001	3	169	169	SC	pe
169_S168_L003_R2_001	3	169	169	SC	pe
16_S16_L003_R1_001	3	16	16	GA	pe
16_S16_L003_R2_001	3	16	16	GA	pe
170_S169_L003_R1_001	3	170	170	SC	pe
170_S169_L003_R2_001	3	170	170	SC	pe
171_S170_L003_R1_001	3	171	171	SC	pe
171_S170_L003_R2_001	3	171	171	SC	pe
172_S171_L003_R1_001	3	172	172	SC	pe
172_S171_L003_R2_001	3	172	172	SC	pe
173_S172_L003_R1_001	3	173	173	NJ	pe
173_S172_L003_R2_001	3	173	173	NJ	pe
174_S173_L003_R1_001	3	174	174	VA	pe
174_S173_L003_R2_001	3	174	174	VA	pe
175_S174_L003_R1_001	3	175	175	VA	pe
175_S174_L003_R2_001	3	175	175	VA	pe
176_S175_L003_R1_001	3	176	176	VA	pe
176_S175_L003_R2_001	3	176	176	VA	pe
177_S176_L003_R1_001	3	177	177	VA	pe
177_S176_L003_R2_001	3	177	177	VA	pe
178_S177_L003_R1_001	3	178	178	VA	pe
178_S177_L003_R2_001	3	178	178	VA	pe
179_S178_L003_R1_001	3	179	179	VA	pe
179_S178_L003_R2_001	3	179	179	VA	pe
17_S17_L003_R1_001	3	17	17	GA	pe
17_S17_L003_R2_001	3	17	17	GA	pe
180_S179_L003_R1_001	3	180	180	VA	pe
180_S179_L003_R2_001	3	180	180	VA	pe
181_S180_L003_R1_001	3	181	181	VA	pe
181_S180_L003_R2_001	3	181	181	VA	pe
182_S181_L003_R1_001	3	182	182	VA	pe
182_S181_L003_R2_001	3	182	182	VA	pe
183_S182_L003_R1_001	3	183	183	VA	pe
183_S182_L003_R2_001	3	183	183	VA	pe
184_S183_L003_R1_001	3	184	184	VA	pe
184_S183_L003_R2_001	3	184	184	VA	pe
185_S184_L003_R1_001	3	185	185	NJ	pe
185_S184_L003_R2_001	3	185	185	NJ	pe
186_S185_L003_R1_001	3	186	186	NJ	pe
186_S185_L003_R2_001	3	186	186	NJ	pe
187_S186_L003_R1_001	3	187	187	NJ	pe
187_S186_L003_R2_001	3	187	187	NJ	pe
188_S187_L003_R1_001	3	188	188	NJ	pe
188_S187_L003_R2_001	3	188	188	NJ	pe
189_S188_L003_R1_001	3	189	189	MD	pe
189_S188_L003_R2_001	3	189	189	MD	pe
18_S18_L003_R1_001	3	18	18	GA	pe
18_S18_L003_R2_001	3	18	18	GA	pe
190_S189_L003_R1_001	3	190	190	MD	pe
190_S189_L003_R2_001	3	190	190	MD	pe
191_S190_L003_R1_001	3	191	191	MD	pe
191_S190_L003_R2_001	3	191	191	MD	pe
192_S398_L003_R1_001	3	192	192	MD	pe
192_S398_L003_R2_001	3	192	192	MD	pe
193_S191_L003_R1_001	3	193	193	MD	pe
193_S191_L003_R2_001	3	193	193	MD	pe
194_S192_L003_R1_001	3	194	194	MD	pe
194_S192_L003_R2_001	3	194	194	MD	pe
195_S193_L003_R1_001	3	195	195	MD	pe
195_S193_L003_R2_001	3	195	195	MD	pe
196_S194_L003_R1_001	3	196	196	MD	pe
196_S194_L003_R2_001	3	196	196	MD	pe
197_S195_L003_R1_001	3	197	197	MD	pe
197_S195_L003_R2_001	3	197	197	MD	pe
198_S196_L003_R1_001	3	198	198	MD	pe
198_S196_L003_R2_001	3	198	198	MD	pe
199_S197_L003_R1_001	3	199	199	MD	pe
199_S197_L003_R2_001	3	199	199	MD	pe
19_S19_L003_R1_001	3	19	19	GA	pe
19_S19_L003_R2_001	3	19	19	GA	pe
1_S1_L003_R1_001	3	1	1	GA	pe
1_S1_L003_R2_001	3	1	1	GA	pe
200_S198_L003_R1_001	3	200	200	MD	pe
200_S198_L003_R2_001	3	200	200	MD	pe
201_S199_L003_R1_001	3	201	201	MD	pe
201_S199_L003_R2_001	3	201	201	MD	pe
202_S200_L003_R1_001	3	202	202	MD	pe
202_S200_L003_R2_001	3	202	202	MD	pe
203_S201_L003_R1_001	3	203	203	MD	pe
203_S201_L003_R2_001	3	203	203	MD	pe
204_S202_L003_R1_001	3	204	204	MD	pe
204_S202_L003_R2_001	3	204	204	MD	pe
205_S203_L003_R1_001	3	205	205	MD	pe
205_S203_L003_R2_001	3	205	205	MD	pe
206_S204_L003_R1_001	3	206	206	MD	pe
206_S204_L003_R2_001	3	206	206	MD	pe
207_S205_L003_R1_001	3	207	207	MD	pe
207_S205_L003_R2_001	3	207	207	MD	pe
208_S206_L003_R1_001	3	208	208	MD	pe
208_S206_L003_R2_001	3	208	208	MD	pe
209_S207_L003_R1_001	3	209	209	MD	pe
209_S207_L003_R2_001	3	209	209	MD	pe
20_S20_L003_R1_001	3	20	20	GA	pe
20_S20_L003_R2_001	3	20	20	GA	pe
210_S208_L003_R1_001	3	210	210	MD	pe
210_S208_L003_R2_001	3	210	210	MD	pe
211_S209_L003_R1_001	3	211	211	MD	pe
211_S209_L003_R2_001	3	211	211	MD	pe
212_S210_L003_R1_001	3	212	212	NC	pe
212_S210_L003_R2_001	3	212	212	NC	pe
213_S211_L003_R1_001	3	213	213	NC	pe
213_S211_L003_R2_001	3	213	213	NC	pe
214_S212_L003_R1_001	3	214	214	NC	pe
214_S212_L003_R2_001	3	214	214	NC	pe
215_S213_L003_R1_001	3	215	215	NC	pe
215_S213_L003_R2_001	3	215	215	NC	pe
216_S214_L003_R1_001	3	216	216	NC	pe
216_S214_L003_R2_001	3	216	216	NC	pe
217_S215_L003_R1_001	3	217	217	NC	pe
217_S215_L003_R2_001	3	217	217	NC	pe
218_S216_L003_R1_001	3	218	218	MD	pe
218_S216_L003_R2_001	3	218	218	MD	pe
219_S217_L003_R1_001	3	219	219	DE	pe
219_S217_L003_R2_001	3	219	219	DE	pe
21_S21_L003_R1_001	3	21	21	GA	pe
21_S21_L003_R2_001	3	21	21	GA	pe
220_S218_L003_R1_001	3	220	220	DE	pe
220_S218_L003_R2_001	3	220	220	DE	pe
221_S219_L003_R1_001	3	221	221	DE	pe
221_S219_L003_R2_001	3	221	221	DE	pe
222_S220_L003_R1_001	3	222	222	DE	pe
222_S220_L003_R2_001	3	222	222	DE	pe
223_S221_L003_R1_001	3	223	223	DE	pe
223_S221_L003_R2_001	3	223	223	DE	pe
224_S222_L003_R1_001	3	224	224	DE	pe
224_S222_L003_R2_001	3	224	224	DE	pe
225_S223_L003_R1_001	3	225	225	DE	pe
225_S223_L003_R2_001	3	225	225	DE	pe
226_S224_L003_R1_001	3	226	226	DE	pe
226_S224_L003_R2_001	3	226	226	DE	pe
227_S225_L003_R1_001	3	227	227	DE	pe
227_S225_L003_R2_001	3	227	227	DE	pe
228_S226_L003_R1_001	3	228	228	DE	pe
228_S226_L003_R2_001	3	228	228	DE	pe
229_S227_L003_R1_001	3	229	229	DE	pe
229_S227_L003_R2_001	3	229	229	DE	pe
22_S22_L003_R1_001	3	22	22	GA	pe
22_S22_L003_R2_001	3	22	22	GA	pe
230_S228_L003_R1_001	3	230	230	DE	pe
230_S228_L003_R2_001	3	230	230	DE	pe
231_S229_L003_R1_001	3	231	231	DE	pe
231_S229_L003_R2_001	3	231	231	DE	pe
232_S230_L003_R1_001	3	232	232	DE	pe
232_S230_L003_R2_001	3	232	232	DE	pe
233_S231_L003_R1_001	3	233	233	DE	pe
233_S231_L003_R2_001	3	233	233	DE	pe
234_S232_L003_R1_001	3	234	234	DE	pe
234_S232_L003_R2_001	3	234	234	DE	pe
235_S233_L003_R1_001	3	235	235	DE	pe
235_S233_L003_R2_001	3	235	235	DE	pe
236_S234_L003_R1_001	3	236	236	DE	pe
236_S234_L003_R2_001	3	236	236	DE	pe
237_S235_L003_R1_001	3	237	237	DE	pe
237_S235_L003_R2_001	3	237	237	DE	pe
238_S236_L003_R1_001	3	238	238	DE	pe
238_S236_L003_R2_001	3	238	238	DE	pe
239_S237_L003_R1_001	3	239	239	DE	pe
239_S237_L003_R2_001	3	239	239	DE	pe
23_S23_L003_R1_001	3	23	23	GA	pe
23_S23_L003_R2_001	3	23	23	GA	pe
240_S238_L003_R1_001	3	240	240	DE	pe
240_S238_L003_R2_001	3	240	240	DE	pe
241_S239_L003_R1_001	3	241	241	DE	pe
241_S239_L003_R2_001	3	241	241	DE	pe
242_S240_L003_R1_001	3	242	242	MD	pe
242_S240_L003_R2_001	3	242	242	MD	pe
243_S241_L003_R1_001	3	243	243	MD	pe
243_S241_L003_R2_001	3	243	243	MD	pe
244_S242_L003_R1_001	3	244	244	MD	pe
244_S242_L003_R2_001	3	244	244	MD	pe
245_S243_L003_R1_001	3	245	245	MD	pe
245_S243_L003_R2_001	3	245	245	MD	pe
246_S244_L003_R1_001	3	246	246	MD	pe
246_S244_L003_R2_001	3	246	246	MD	pe
247_S245_L003_R1_001	3	247	247	MD	pe
247_S245_L003_R2_001	3	247	247	MD	pe
248_S246_L003_R1_001	3	248	248	MD	pe
248_S246_L003_R2_001	3	248	248	MD	pe
249_S247_L003_R1_001	3	249	249	MD	pe
249_S247_L003_R2_001	3	249	249	MD	pe
24_S24_L003_R1_001	3	24	24	GA	pe
24_S24_L003_R2_001	3	24	24	GA	pe
250_S248_L003_R1_001	3	250	250	MD	pe
250_S248_L003_R2_001	3	250	250	MD	pe
251_S249_L003_R1_001	3	251	251	MD	pe
251_S249_L003_R2_001	3	251	251	MD	pe
252_S250_L003_R1_001	3	252	252	MD	pe
252_S250_L003_R2_001	3	252	252	MD	pe
253_S251_L003_R1_001	3	253	253	MD	pe
253_S251_L003_R2_001	3	253	253	MD	pe
254_S252_L003_R1_001	3	254	254	MD	pe
254_S252_L003_R2_001	3	254	254	MD	pe
255_S253_L003_R1_001	3	255	255	MD	pe
255_S253_L003_R2_001	3	255	255	MD	pe
256_S254_L003_R1_001	3	256	256	MD	pe
256_S254_L003_R2_001	3	256	256	MD	pe
257_S255_L003_R1_001	3	257	257	MD	pe
257_S255_L003_R2_001	3	257	257	MD	pe
258_S256_L003_R1_001	3	258	258	MD	pe
258_S256_L003_R2_001	3	258	258	MD	pe
259_S257_L003_R1_001	3	259	259	MD	pe
259_S257_L003_R2_001	3	259	259	MD	pe
25_S25_L003_R1_001	3	25	25	GA	pe
25_S25_L003_R2_001	3	25	25	GA	pe
260_S258_L003_R1_001	3	260	260	MD	pe
260_S258_L003_R2_001	3	260	260	MD	pe
261_S259_L003_R1_001	3	261	261	MD	pe
261_S259_L003_R2_001	3	261	261	MD	pe
262_S260_L003_R1_001	3	262	262	MD	pe
262_S260_L003_R2_001	3	262	262	MD	pe
263_S261_L003_R1_001	3	263	263	MD	pe
263_S261_L003_R2_001	3	263	263	MD	pe
264_S262_L003_R1_001	3	264	264	MD	pe
264_S262_L003_R2_001	3	264	264	MD	pe
265_S263_L003_R1_001	3	265	265	MD	pe
265_S263_L003_R2_001	3	265	265	MD	pe
266_S264_L003_R1_001	3	266	266	MD	pe
266_S264_L003_R2_001	3	266	266	MD	pe
267_S265_L003_R1_001	3	267	267	MD	pe
267_S265_L003_R2_001	3	267	267	MD	pe
268_S266_L003_R1_001	3	268	268	MD	pe
268_S266_L003_R2_001	3	268	268	MD	pe
269_S267_L003_R1_001	3	269	269	MD	pe
269_S267_L003_R2_001	3	269	269	MD	pe
26_S26_L003_R1_001	3	26	26	GA	pe
26_S26_L003_R2_001	3	26	26	GA	pe
270_S268_L003_R1_001	3	270	270	MD	pe
270_S268_L003_R2_001	3	270	270	MD	pe
271_S269_L003_R1_001	3	271	271	MD	pe
271_S269_L003_R2_001	3	271	271	MD	pe
272_S270_L003_R1_001	3	272	272	MD	pe
272_S270_L003_R2_001	3	272	272	MD	pe
273_S271_L003_R1_001	3	273	273	MD	pe
273_S271_L003_R2_001	3	273	273	MD	pe
274_S272_L003_R1_001	3	274	274	MD	pe
274_S272_L003_R2_001	3	274	274	MD	pe
275_S273_L003_R1_001	3	275	275	MD	pe
275_S273_L003_R2_001	3	275	275	MD	pe
276_S274_L003_R1_001	3	276	276	MD	pe
276_S274_L003_R2_001	3	276	276	MD	pe
277_S275_L003_R1_001	3	277	277	MD	pe
277_S275_L003_R2_001	3	277	277	MD	pe
278_S276_L003_R1_001	3	278	278	MD	pe
278_S276_L003_R2_001	3	278	278	MD	pe
279_S277_L003_R1_001	3	279	279	MD	pe
279_S277_L003_R2_001	3	279	279	MD	pe
27_S27_L003_R1_001	3	27	27	GA	pe
27_S27_L003_R2_001	3	27	27	GA	pe
280_S278_L003_R1_001	3	280	280	MD	pe
280_S278_L003_R2_001	3	280	280	MD	pe
281_S279_L003_R1_001	3	281	281	MD	pe
281_S279_L003_R2_001	3	281	281	MD	pe
282_S280_L003_R1_001	3	282	282	MD	pe
282_S280_L003_R2_001	3	282	282	MD	pe
283_S281_L003_R1_001	3	283	283	MD	pe
283_S281_L003_R2_001	3	283	283	MD	pe
284_S282_L003_R1_001	3	284	284	MD	pe
284_S282_L003_R2_001	3	284	284	MD	pe
285_S283_L003_R1_001	3	285	285	VA	pe
285_S283_L003_R2_001	3	285	285	VA	pe
286_S284_L003_R1_001	3	286	286	VA	pe
286_S284_L003_R2_001	3	286	286	VA	pe
287_S285_L003_R1_001	3	287	287	VA	pe
287_S285_L003_R2_001	3	287	287	VA	pe
288_S399_L003_R1_001	3	288	288	VA	pe
288_S399_L003_R2_001	3	288	288	VA	pe
289_S286_L003_R1_001	3	289	289	VA	pe
289_S286_L003_R2_001	3	289	289	VA	pe
28_S28_L003_R1_001	3	28	28	GA	pe
28_S28_L003_R2_001	3	28	28	GA	pe
290_S287_L003_R1_001	3	290	290	VA	pe
290_S287_L003_R2_001	3	290	290	VA	pe
291_S288_L003_R1_001	3	291	291	VA	pe
291_S288_L003_R2_001	3	291	291	VA	pe
292_S289_L003_R1_001	3	292	292	VA	pe
292_S289_L003_R2_001	3	292	292	VA	pe
293_S290_L003_R1_001	3	293	293	VA	pe
293_S290_L003_R2_001	3	293	293	VA	pe
294_S291_L003_R1_001	3	294	294	VA	pe
294_S291_L003_R2_001	3	294	294	VA	pe
295_S292_L003_R1_001	3	295	295	VA	pe
295_S292_L003_R2_001	3	295	295	VA	pe
296_S293_L003_R1_001	3	296	296	VA	pe
296_S293_L003_R2_001	3	296	296	VA	pe
297_S294_L003_R1_001	3	297	297	VA	pe
297_S294_L003_R2_001	3	297	297	VA	pe
298_S295_L003_R1_001	3	298	298	VA	pe
298_S295_L003_R2_001	3	298	298	VA	pe
299_S296_L003_R1_001	3	299	299	VA	pe
299_S296_L003_R2_001	3	299	299	VA	pe
29_S29_L003_R1_001	3	29	29	GA	pe
29_S29_L003_R2_001	3	29	29	GA	pe
2_S2_L003_R1_001	3	2	2	GA	pe
2_S2_L003_R2_001	3	2	2	GA	pe
300_S297_L003_R1_001	3	300	300	VA	pe
300_S297_L003_R2_001	3	300	300	VA	pe
301_S298_L003_R1_001	3	301	301	VA	pe
301_S298_L003_R2_001	3	301	301	VA	pe
302_S299_L003_R1_001	3	302	302	VA	pe
302_S299_L003_R2_001	3	302	302	VA	pe
303_S300_L003_R1_001	3	303	303	VA	pe
303_S300_L003_R2_001	3	303	303	VA	pe
304_S301_L003_R1_001	3	304	304	VA	pe
304_S301_L003_R2_001	3	304	304	VA	pe
305_S302_L003_R1_001	3	305	305	VA	pe
305_S302_L003_R2_001	3	305	305	VA	pe
306_S303_L003_R1_001	3	306	306	VA	pe
306_S303_L003_R2_001	3	306	306	VA	pe
307_S304_L003_R1_001	3	307	307	VA	pe
307_S304_L003_R2_001	3	307	307	VA	pe
308_S305_L003_R1_001	3	308	308	VA	pe
308_S305_L003_R2_001	3	308	308	VA	pe
309_S306_L003_R1_001	3	309	309	VA	pe
309_S306_L003_R2_001	3	309	309	VA	pe
30_S30_L003_R1_001	3	30	30	GA	pe
30_S30_L003_R2_001	3	30	30	GA	pe
310_S307_L003_R1_001	3	310	310	VA	pe
310_S307_L003_R2_001	3	310	310	VA	pe
311_S308_L003_R1_001	3	311	311	VA	pe
311_S308_L003_R2_001	3	311	311	VA	pe
312_S309_L003_R1_001	3	312	312	VA	pe
312_S309_L003_R2_001	3	312	312	VA	pe
313_S310_L003_R1_001	3	313	313	VA	pe
313_S310_L003_R2_001	3	313	313	VA	pe
314_S311_L003_R1_001	3	314	314	VA	pe
314_S311_L003_R2_001	3	314	314	VA	pe
315_S312_L003_R1_001	3	315	315	VA	pe
315_S312_L003_R2_001	3	315	315	VA	pe
316_S313_L003_R1_001	3	316	316	VA	pe
316_S313_L003_R2_001	3	316	316	VA	pe
317_S314_L003_R1_001	3	317	317	VA	pe
317_S314_L003_R2_001	3	317	317	VA	pe
318_S315_L003_R1_001	3	318	318	VA	pe
318_S315_L003_R2_001	3	318	318	VA	pe
319_S316_L003_R1_001	3	319	319	VA	pe
319_S316_L003_R2_001	3	319	319	VA	pe
31_S31_L003_R1_001	3	31	31	GA	pe
31_S31_L003_R2_001	3	31	31	GA	pe
320_S317_L003_R1_001	3	320	320	VA	pe
320_S317_L003_R2_001	3	320	320	VA	pe
321_S318_L003_R1_001	3	321	321	VA	pe
321_S318_L003_R2_001	3	321	321	VA	pe
322_S319_L003_R1_001	3	322	322	VA	pe
322_S319_L003_R2_001	3	322	322	VA	pe
323_S320_L003_R1_001	3	323	323	VA	pe
323_S320_L003_R2_001	3	323	323	VA	pe
324_S321_L003_R1_001	3	324	324	VA	pe
324_S321_L003_R2_001	3	324	324	VA	pe
325_S322_L003_R1_001	3	325	325	VA	pe
325_S322_L003_R2_001	3	325	325	VA	pe
326_S323_L003_R1_001	3	326	326	VA	pe
326_S323_L003_R2_001	3	326	326	VA	pe
327_S324_L003_R1_001	3	327	327	VA	pe
327_S324_L003_R2_001	3	327	327	VA	pe
328_S325_L003_R1_001	3	328	328	VA	pe
328_S325_L003_R2_001	3	328	328	VA	pe
329_S326_L003_R1_001	3	329	329	VA	pe
329_S326_L003_R2_001	3	329	329	VA	pe
32_S32_L003_R1_001	3	32	32	GA	pe
32_S32_L003_R2_001	3	32	32	GA	pe
330_S327_L003_R1_001	3	330	330	VA	pe
330_S327_L003_R2_001	3	330	330	VA	pe
331_S328_L003_R1_001	3	331	331	VA	pe
331_S328_L003_R2_001	3	331	331	VA	pe
332_S329_L003_R1_001	3	332	332	VA	pe
332_S329_L003_R2_001	3	332	332	VA	pe
333_S330_L003_R1_001	3	333	333	VA	pe
333_S330_L003_R2_001	3	333	333	VA	pe
334_S331_L003_R1_001	3	334	334	VA	pe
334_S331_L003_R2_001	3	334	334	VA	pe
335_S332_L003_R1_001	3	335	335	VA	pe
335_S332_L003_R2_001	3	335	335	VA	pe
336_S333_L003_R1_001	3	336	336	VA	pe
336_S333_L003_R2_001	3	336	336	VA	pe
337_S334_L003_R1_001	3	337	337	VA	pe
337_S334_L003_R2_001	3	337	337	VA	pe
338_S335_L003_R1_001	3	338	338	VA	pe
338_S335_L003_R2_001	3	338	338	VA	pe
339_S336_L003_R1_001	3	339	339	VA	pe
339_S336_L003_R2_001	3	339	339	VA	pe
33_S33_L003_R1_001	3	33	33	GA	pe
33_S33_L003_R2_001	3	33	33	GA	pe
340_S337_L003_R1_001	3	340	340	VA	pe
340_S337_L003_R2_001	3	340	340	VA	pe
341_S338_L003_R1_001	3	341	341	VA	pe
341_S338_L003_R2_001	3	341	341	VA	pe
342_S339_L003_R1_001	3	342	342	VA	pe
342_S339_L003_R2_001	3	342	342	VA	pe
343_S340_L003_R1_001	3	343	343	VA	pe
343_S340_L003_R2_001	3	343	343	VA	pe
344_S341_L003_R1_001	3	344	344	VA	pe
344_S341_L003_R2_001	3	344	344	VA	pe
345_S342_L003_R1_001	3	345	345	VA	pe
345_S342_L003_R2_001	3	345	345	VA	pe
346_S343_L003_R1_001	3	346	346	VA	pe
346_S343_L003_R2_001	3	346	346	VA	pe
347_S344_L003_R1_001	3	347	347	VA	pe
347_S344_L003_R2_001	3	347	347	VA	pe
348_S345_L003_R1_001	3	348	348	VA	pe
348_S345_L003_R2_001	3	348	348	VA	pe
349_S346_L003_R1_001	3	349	349	VA	pe
349_S346_L003_R2_001	3	349	349	VA	pe
34_S34_L003_R1_001	3	34	34	GA	pe
34_S34_L003_R2_001	3	34	34	GA	pe
350_S347_L003_R1_001	3	350	350	VA	pe
350_S347_L003_R2_001	3	350	350	VA	pe
351_S348_L003_R1_001	3	351	351	VA	pe
351_S348_L003_R2_001	3	351	351	VA	pe
352_S349_L003_R1_001	3	352	352	NC	pe
352_S349_L003_R2_001	3	352	352	NC	pe
353_S350_L003_R1_001	3	353	353	NC	pe
353_S350_L003_R2_001	3	353	353	NC	pe
354_S351_L003_R1_001	3	354	354	NC	pe
354_S351_L003_R2_001	3	354	354	NC	pe
355_S352_L003_R1_001	3	355	355	NC	pe
355_S352_L003_R2_001	3	355	355	NC	pe
356_S353_L003_R1_001	3	356	356	NC	pe
356_S353_L003_R2_001	3	356	356	NC	pe
357_S354_L003_R1_001	3	357	357	NC	pe
357_S354_L003_R2_001	3	357	357	NC	pe
358_S355_L003_R1_001	3	358	358	NC	pe
358_S355_L003_R2_001	3	358	358	NC	pe
359_S356_L003_R1_001	3	359	359	NC	pe
359_S356_L003_R2_001	3	359	359	NC	pe
35_S35_L003_R1_001	3	35	35	GA	pe
35_S35_L003_R2_001	3	35	35	GA	pe
360_S357_L003_R1_001	3	360	360	NC	pe
360_S357_L003_R2_001	3	360	360	NC	pe
361_S400_L003_R1_001	3	361	361	NC	pe
361_S400_L003_R2_001	3	361	361	NC	pe
362_S358_L003_R1_001	3	362	362	NC	pe
362_S358_L003_R2_001	3	362	362	NC	pe
363_S359_L003_R1_001	3	363	363	NC	pe
363_S359_L003_R2_001	3	363	363	NC	pe
364_S360_L003_R1_001	3	364	364	NC	pe
364_S360_L003_R2_001	3	364	364	NC	pe
365_S361_L003_R1_001	3	365	365	NC	pe
365_S361_L003_R2_001	3	365	365	NC	pe
366_S362_L003_R1_001	3	366	366	NC	pe
366_S362_L003_R2_001	3	366	366	NC	pe
367_S363_L003_R1_001	3	367	367	NC	pe
367_S363_L003_R2_001	3	367	367	NC	pe
368_S364_L003_R1_001	3	368	368	NC	pe
368_S364_L003_R2_001	3	368	368	NC	pe
369_S365_L003_R1_001	3	369	369	NC	pe
369_S365_L003_R2_001	3	369	369	NC	pe
36_S36_L003_R1_001	3	36	36	OB	pe
36_S36_L003_R2_001	3	36	36	OB	pe
370_S366_L003_R1_001	3	370	370	NC	pe
370_S366_L003_R2_001	3	370	370	NC	pe
371_S367_L003_R1_001	3	371	371	NC	pe
371_S367_L003_R2_001	3	371	371	NC	pe
372_S368_L003_R1_001	3	372	372	NC	pe
372_S368_L003_R2_001	3	372	372	NC	pe
373_S369_L003_R1_001	3	373	373	NC	pe
373_S369_L003_R2_001	3	373	373	NC	pe
374_S370_L003_R1_001	3	374	374	NC	pe
374_S370_L003_R2_001	3	374	374	NC	pe
375_S371_L003_R1_001	3	375	375	NC	pe
375_S371_L003_R2_001	3	375	375	NC	pe
376_S372_L003_R1_001	3	376	376	NC	pe
376_S372_L003_R2_001	3	376	376	NC	pe
377_S373_L003_R1_001	3	377	377	NC	pe
377_S373_L003_R2_001	3	377	377	NC	pe
378_S374_L003_R1_001	3	378	378	NC	pe
378_S374_L003_R2_001	3	378	378	NC	pe
379_S375_L003_R1_001	3	379	379	NC	pe
379_S375_L003_R2_001	3	379	379	NC	pe
37_S37_L003_R1_001	3	37	37	OB	pe
37_S37_L003_R2_001	3	37	37	OB	pe
380_S376_L003_R1_001	3	380	380	NC	pe
380_S376_L003_R2_001	3	380	380	NC	pe
381_S377_L003_R1_001	3	381	381	NC	pe
381_S377_L003_R2_001	3	381	381	NC	pe
382_S378_L003_R1_001	3	382	382	NC	pe
382_S378_L003_R2_001	3	382	382	NC	pe
383_S379_L003_R1_001	3	383	383	NC	pe
383_S379_L003_R2_001	3	383	383	NC	pe
384_S380_L003_R1_001	3	384	384	NC	pe
384_S380_L003_R2_001	3	384	384	NC	pe
385_S381_L003_R1_001	3	385	385	NC	pe
385_S381_L003_R2_001	3	385	385	NC	pe
386_S382_L003_R1_001	3	386	386	NC	pe
386_S382_L003_R2_001	3	386	386	NC	pe
387_S383_L003_R1_001	3	387	387	NC	pe
387_S383_L003_R2_001	3	387	387	NC	pe
388_S384_L003_R1_001	3	388	388	NC	pe
388_S384_L003_R2_001	3	388	388	NC	pe
389_S385_L003_R1_001	3	389	389	NC	pe
389_S385_L003_R2_001	3	389	389	NC	pe
38_S38_L003_R1_001	3	38	38	OB	pe
38_S38_L003_R2_001	3	38	38	OB	pe
390_S386_L003_R1_001	3	390	390	NC	pe
390_S386_L003_R2_001	3	390	390	NC	pe
391_S387_L003_R1_001	3	391	391	NC	pe
391_S387_L003_R2_001	3	391	391	NC	pe
392_S388_L003_R1_001	3	392	392	NC	pe
392_S388_L003_R2_001	3	392	392	NC	pe
393_S389_L003_R1_001	3	393	393	NC	pe
393_S389_L003_R2_001	3	393	393	NC	pe
394_S390_L003_R1_001	3	394	394	NC	pe
394_S390_L003_R2_001	3	394	394	NC	pe
395_S391_L003_R1_001	3	395	395	NC	pe
395_S391_L003_R2_001	3	395	395	NC	pe
396_S392_L003_R1_001	3	396	396	NC	pe
396_S392_L003_R2_001	3	396	396	NC	pe
397_S393_L003_R1_001	3	397	397	NC	pe
397_S393_L003_R2_001	3	397	397	NC	pe
398_S394_L003_R1_001	3	398	398	NC	pe
398_S394_L003_R2_001	3	398	398	NC	pe
399_S395_L003_R1_001	3	399	399	NC	pe
399_S395_L003_R2_001	3	399	399	NC	pe
39_S39_L003_R1_001	3	39	39	OB	pe
39_S39_L003_R2_001	3	39	39	OB	pe
3_S3_L003_R1_001	3	3	3	GA	pe
3_S3_L003_R2_001	3	3	3	GA	pe
400_S396_L003_R1_001	3	400	400	NC	pe
400_S396_L003_R2_001	3	400	400	NC	pe
40_S40_L003_R1_001	3	40	40	OB	pe
40_S40_L003_R2_001	3	40	40	OB	pe
41_S41_L003_R1_001	3	41	41	OB	pe
41_S41_L003_R2_001	3	41	41	OB	pe
42_S42_L003_R1_001	3	42	42	OB	pe
42_S42_L003_R2_001	3	42	42	OB	pe
43_S43_L003_R1_001	3	43	43	OB	pe
43_S43_L003_R2_001	3	43	43	OB	pe
44_S44_L003_R1_001	3	44	44	OB	pe
44_S44_L003_R2_001	3	44	44	OB	pe
45_S45_L003_R1_001	3	45	45	OB	pe
45_S45_L003_R2_001	3	45	45	OB	pe
46_S46_L003_R1_001	3	46	46	OB	pe
46_S46_L003_R2_001	3	46	46	OB	pe
47_S47_L003_R1_001	3	47	47	OB	pe
47_S47_L003_R2_001	3	47	47	OB	pe
48_S48_L003_R1_001	3	48	48	OB	pe
48_S48_L003_R2_001	3	48	48	OB	pe
49_S49_L003_R1_001	3	49	49	OB	pe
49_S49_L003_R2_001	3	49	49	OB	pe
4_S4_L003_R1_001	3	4	4	GA	pe
4_S4_L003_R2_001	3	4	4	GA	pe
50_S50_L003_R1_001	3	50	50	OB	pe
50_S50_L003_R2_001	3	50	50	OB	pe
51_S51_L003_R1_001	3	51	51	OB	pe
51_S51_L003_R2_001	3	51	51	OB	pe
52_S52_L003_R1_001	3	52	52	OB	pe
52_S52_L003_R2_001	3	52	52	OB	pe
53_S53_L003_R1_001	3	53	53	OB	pe
53_S53_L003_R2_001	3	53	53	OB	pe
54_S54_L003_R1_001	3	54	54	OB	pe
54_S54_L003_R2_001	3	54	54	OB	pe
55_S55_L003_R1_001	3	55	55	OB	pe
55_S55_L003_R2_001	3	55	55	OB	pe
56_S56_L003_R1_001	3	56	56	OB	pe
56_S56_L003_R2_001	3	56	56	OB	pe
57_S57_L003_R1_001	3	57	57	OB	pe
57_S57_L003_R2_001	3	57	57	OB	pe
58_S58_L003_R1_001	3	58	58	OB	pe
58_S58_L003_R2_001	3	58	58	OB	pe
59_S59_L003_R1_001	3	59	59	OB	pe
59_S59_L003_R2_001	3	59	59	OB	pe
5_S5_L003_R1_001	3	5	5	GA	pe
5_S5_L003_R2_001	3	5	5	GA	pe
60_S60_L003_R1_001	3	60	60	OB	pe
60_S60_L003_R2_001	3	60	60	OB	pe
61_S61_L003_R1_001	3	61	61	OB	pe
61_S61_L003_R2_001	3	61	61	OB	pe
62_S62_L003_R1_001	3	62	62	OB	pe
62_S62_L003_R2_001	3	62	62	OB	pe
63_S63_L003_R1_001	3	63	63	OB	pe
63_S63_L003_R2_001	3	63	63	OB	pe
64_S64_L003_R1_001	3	64	64	OB	pe
64_S64_L003_R2_001	3	64	64	OB	pe
65_S65_L003_R1_001	3	65	65	OB	pe
65_S65_L003_R2_001	3	65	65	OB	pe
66_S66_L003_R1_001	3	66	66	OB	pe
66_S66_L003_R2_001	3	66	66	OB	pe
67_S67_L003_R1_001	3	67	67	OB	pe
67_S67_L003_R2_001	3	67	67	OB	pe
68_S68_L003_R1_001	3	68	68	OB	pe
68_S68_L003_R2_001	3	68	68	OB	pe
69_S69_L003_R1_001	3	69	69	OB	pe
69_S69_L003_R2_001	3	69	69	OB	pe
6_S6_L003_R1_001	3	6	6	GA	pe
6_S6_L003_R2_001	3	6	6	GA	pe
70_S70_L003_R1_001	3	70	70	OB	pe
70_S70_L003_R2_001	3	70	70	OB	pe
71_S71_L003_R1_001	3	71	71	LB	pe
71_S71_L003_R2_001	3	71	71	LB	pe
72_S72_L003_R1_001	3	72	72	LB	pe
72_S72_L003_R2_001	3	72	72	LB	pe
73_S73_L003_R1_001	3	73	73	LB	pe
73_S73_L003_R2_001	3	73	73	LB	pe
74_S74_L003_R1_001	3	74	74	LB	pe
74_S74_L003_R2_001	3	74	74	LB	pe
75_S75_L003_R1_001	3	75	75	LB	pe
75_S75_L003_R2_001	3	75	75	LB	pe
76_S76_L003_R1_001	3	76	76	LB	pe
76_S76_L003_R2_001	3	76	76	LB	pe
77_S77_L003_R1_001	3	77	77	LB	pe
77_S77_L003_R2_001	3	77	77	LB	pe
78_S78_L003_R1_001	3	78	78	LB	pe
78_S78_L003_R2_001	3	78	78	LB	pe
79_S79_L003_R1_001	3	79	79	LB	pe
79_S79_L003_R2_001	3	79	79	LB	pe
7_S7_L003_R1_001	3	7	7	GA	pe
7_S7_L003_R2_001	3	7	7	GA	pe
80_S80_L003_R1_001	3	80	80	LB	pe
80_S80_L003_R2_001	3	80	80	LB	pe
81_S81_L003_R1_001	3	81	81	LB	pe
81_S81_L003_R2_001	3	81	81	LB	pe
82_S82_L003_R1_001	3	82	82	LB	pe
82_S82_L003_R2_001	3	82	82	LB	pe
83_S83_L003_R1_001	3	83	83	LB	pe
83_S83_L003_R2_001	3	83	83	LB	pe
84_S84_L003_R1_001	3	84	84	LB	pe
84_S84_L003_R2_001	3	84	84	LB	pe
85_S85_L003_R1_001	3	85	85	LB	pe
85_S85_L003_R2_001	3	85	85	LB	pe
86_S86_L003_R1_001	3	86	86	LB	pe
86_S86_L003_R2_001	3	86	86	LB	pe
87_S87_L003_R1_001	3	87	87	LB	pe
87_S87_L003_R2_001	3	87	87	LB	pe
88_S88_L003_R1_001	3	88	88	LB	pe
88_S88_L003_R2_001	3	88	88	LB	pe
89_S89_L003_R1_001	3	89	89	LB	pe
89_S89_L003_R2_001	3	89	89	LB	pe
8_S8_L003_R1_001	3	8	8	GA	pe
8_S8_L003_R2_001	3	8	8	GA	pe
90_S90_L003_R1_001	3	90	90	LB	pe
90_S90_L003_R2_001	3	90	90	LB	pe
91_S91_L003_R1_001	3	91	91	LB	pe
91_S91_L003_R2_001	3	91	91	LB	pe
92_S92_L003_R1_001	3	92	92	LB	pe
92_S92_L003_R2_001	3	92	92	LB	pe
93_S93_L003_R1_001	3	93	93	LB	pe
93_S93_L003_R2_001	3	93	93	LB	pe
94_S94_L003_R1_001	3	94	94	LB	pe
94_S94_L003_R2_001	3	94	94	LB	pe
95_S95_L003_R1_001	3	95	95	LB	pe
95_S95_L003_R2_001	3	95	95	LB	pe
96_S397_L003_R1_001	3	96	96	LB	pe
96_S397_L003_R2_001	3	96	96	LB	pe
97_S96_L003_R1_001	3	97	97	LB	pe
97_S96_L003_R2_001	3	97	97	LB	pe
98_S97_L003_R1_001	3	98	98	LB	pe
98_S97_L003_R2_001	3	98	98	LB	pe
99_S98_L003_R1_001	3	99	99	LB	pe
99_S98_L003_R2_001	3	99	99	LB	pe
9_S9_L003_R1_001	3	9	9	GA	pe
9_S9_L003_R2_001	3	9	9	GA	pe